OBJECTID,ACCIDENTNUM,ACCIDENTDATE,ACCIDENT_YEAR,ACCIDENT_MONTH,ACCIDENT_DAY,ACCIDENT_HOUR,ACCIDENT_MINUTE,ACCIDENT_SECOND,ACCIDENT_WEEKDAY,XCOORD,YCOORD,LONGITUDE,LATITUDE,ACCIDENTLOCATION,COLLISIONTYPE,CLASSIFICATIONOFACCIDENT,IMPACTLOCATION,INITIALDIRECTIONOFTRAVELONE,INITIALDIRECTIONOFTRAVELTWO,INITIALIMPACTTYPE,INTTRAFFICCONTROL,LIGHT,LIGHTFORREPORT,ROADJURISDICTION,TRAFFICCONTROL,TRAFFICCONTROLCONDITION,THRULANENO,NORTHBOUNDDISOBEYCOUNT,SOUTHBOUNDDISOBEYCOUNT,PEDESTRIANINVOLVED,CYCLISTINVOLVED,MOTORCYCLISTINVOLVED,ENVIRONMENTCONDITION1,ENVIRONMENTCONDITION2,SELFREPORTED,XMLIMPORTNOTES,LASTEDITEDDATE,CREATE_BY,CREATE_DATE
47484,18-031613,1518196620000,2018,2,9,17,17,0,Friday,549485.81814,4806209.86625,-80.38882799999999,43.407146999999995,At intersection,2,P.D. only,Thru lane,unknown,unknown,Sideswipe,Unknown,Daylight,01 - Daylight,Municipal (excl. Twp. Rd.),Traffic signal,Functioning,0,0,0,False,False,False,Clear,,False,GATEWAY PARK DR ; TU LANE ST ; 20 M,1/30/2020 11:54:15 AM,,
47485,18-031633,1518193800000,2018,2,9,16,30,0,Friday,542873.16243,4813047.26253,-80.469957,43.469119,At/near private drive,2,P.D. only,Thru lane,unknown,unknown,Turning movement,Unknown,Daylight,01 - Daylight,Municipal (excl. Twp. Rd.),No control,unknown,0,0,0,False,False,False,Snow,,False,RIVERBEND DR; RIVERBEND DR,1/30/2020 11:54:14 AM,,
47486,18-031698,1518191400000,2018,2,9,15,50,0,Friday,546329.39068,4804138.84339,-80.42798499999999,43.388701999999995,At/near private drive,2,P.D. only,Thru lane,unknown,unknown,Turning movement,Unknown,Daylight,01 - Daylight,Municipal (excl. Twp. Rd.),No control,unknown,0,0,0,False,False,False,Snow,,False,DOON VILLAGE RD; DOON VILLAGE RD,1/30/2020 11:54:13 AM,,
47487,18-032135,1518195900000,2018,2,9,17,5,0,Friday,544887.58327,4804846.51293,-80.445728,43.395160999999995,At intersection,2,P.D. only,Within intersection,unknown,unknown,Sideswipe,Unknown,Daylight,01 - Daylight,Municipal (excl. Twp. Rd.),Traffic signal,Functioning,0,0,0,False,False,False,Snow,,False,DOON VILLAGE RD; PIONEER DR,1/30/2020 11:54:12 AM,,
47488,18-032140,1518197400000,2018,2,9,17,30,0,Friday,541048.8133,4808404.58342,-80.49286,43.427417999999996,At/near private drive,2,P.D. only,Off highway,unknown,unknown,SMV unattended vehicle,Unknown,Daylight,01 - Daylight,Municipal (excl. Twp. Rd.),No control,unknown,0,0,0,False,False,False,Snow,,False,YAGER AVE; YAGER AVE,1/30/2020 11:54:11 AM,,
47489,18-032246,1517663820000,2018,2,3,13,17,0,Saturday,542525.51324,4815951.8299,-80.47402799999999,43.495290999999995,At/near private drive,2,P.D. only,Thru lane,unknown,unknown,Turning movement,Unknown,Daylight,01 - Daylight,Municipal (excl. Twp. Rd.),No control,unknown,0,0,0,False,False,False,Clear,,False,FALCONRIDGE DR; FALCONRIDGE DR,1/30/2020 11:54:10 AM,,
47490,18-032285,1518202800000,2018,2,9,19,0,0,Friday,538680.85382,4809203.1128,-80.522058,43.434734,At/near private drive,2,P.D. only,Thru lane,unknown,unknown,SMV unattended vehicle,Unknown,"Dark, artificial","08 - Dark, artificial",Municipal (excl. Twp. Rd.),No control,unknown,0,0,0,False,False,False,Snow,,False,WYCLIFFE PL; WYCLIFFE PL ; Near,1/30/2020 11:54:09 AM,,
47491,18-032339,1518268500000,2018,2,10,13,15,0,Saturday,544723.05808,4810064.71691,-80.447332,43.442156,Non intersection,2,P.D. only,Thru lane,unknown,unknown,Sideswipe,Unknown,Daylight,01 - Daylight,Regional municipality,No control,unknown,0,0,0,False,False,False,Snow,,False,FRANKLIN ST N; ROSS AVE; Near; 200 M,1/30/2020 11:54:08 AM,,
47492,18-032356,1518210000000,2018,2,9,21,0,0,Friday,536449.59158,4809714.40835,-80.54959199999999,43.43945,At/near private drive,2,P.D. only,Thru lane,unknown,unknown,SMV unattended vehicle,Unknown,"Dark, artificial","08 - Dark, artificial",Municipal (excl. Twp. Rd.),No control,unknown,0,0,0,False,False,False,Snow,,False,NORTHMANOR CRES; NORTHMANOR CRES,1/30/2020 11:54:07 AM,,
47493,18-032413,1518271800000,2018,2,10,14,10,0,Saturday,539436.33728,4811286.0517,-80.512573,43.45345,Non intersection,2,P.D. only,Thru lane,unknown,unknown,Rear end,Unknown,Daylight,01 - Daylight,Municipal (excl. Twp. Rd.),No control,unknown,0,0,0,False,False,False,Snow,,False,PARK ST; GLASGOW ST; Near; 200 M,1/30/2020 11:54:06 AM,,
47494,18-032441,1518280320000,2018,2,10,16,32,0,Saturday,539195.5746,4810389.86199,-80.515613,43.445392999999996,Non intersection,2,P.D. only,Right shoulder,unknown,unknown,SMV other,Unknown,Daylight,01 - Daylight,Municipal (excl. Twp. Rd.),No control,unknown,0,0,0,False,False,False,Snow,,False,BRYBECK CRES; BRYBECK CRES ; Near; 25 M,1/30/2020 11:54:05 AM,,
47495,18-032454,1518206400000,2018,2,9,20,0,0,Friday,541634.95766,4810429.46693,-80.485464,43.445617999999996,At/near private drive,2,P.D. only,Off highway,unknown,unknown,SMV unattended vehicle,Unknown,"Dark, artificial","08 - Dark, artificial",Private property,No control,unknown,0,0,0,False,False,False,Snow,,False,CEDAR ST S; CHURCH ST ; At; 0 M,1/30/2020 11:54:04 AM,,
47496,18-032840,1518327600000,2018,2,11,5,40,0,Sunday,545213.89347,4810450.25256,-80.44123499999999,43.445598,Non intersection,1,Non-fatal injury,Off highway,unknown,unknown,SMV other,Unknown,Dark,07 - Dark,Municipal (excl. Twp. Rd.),No control,unknown,0,0,0,False,False,False,Clear,,False,RIVER RD E; BRADLEY DR; 18 M,1/30/2020 11:54:03 AM,,
47497,18-032979,1518269400000,2018,2,10,13,30,0,Saturday,540149.4636,4809558.60904,-80.503886,43.437858,At intersection,2,P.D. only,Within intersection,unknown,unknown,Angle,Unknown,Daylight,01 - Daylight,Municipal (excl. Twp. Rd.),Stop sign,Functioning,0,0,0,False,False,False,Snow,,False,NORTH DR; SPADINA RD W,1/30/2020 11:54:02 AM,,
47498,18-033026,1518298200000,2018,2,10,21,30,0,Saturday,544910.2233,4802973.49582,-80.445602,43.378295,At/near private drive,2,P.D. only,Right shoulder,unknown,unknown,SMV unattended vehicle,Unknown,"Dark, artificial","08 - Dark, artificial",Municipal (excl. Twp. Rd.),No control,unknown,0,0,0,False,False,False,Snow,,False,ROBERT FERRIE DR; ROBERT FERRIE DR,1/30/2020 11:54:01 AM,,
47499,18-033073,1518356100000,2018,2,11,13,35,0,Sunday,543888.956,4810919.11094,-80.45756999999999,43.449898,Non intersection,2,P.D. only,Right shoulder,unknown,unknown,SMV other,Unknown,Daylight,01 - Daylight,Municipal (excl. Twp. Rd.),No control,unknown,0,0,0,False,False,False,Freezing Rain,,False,MANCHESTER RD; MANCHESTER RD ; 10 M,1/30/2020 11:54:00 AM,,
47500,18-033251,1518348600000,2018,2,11,11,30,0,Sunday,538977.40405,4807792.93682,-80.51849399999999,43.422021,At/near private drive,2,Non-reportable,Thru lane,unknown,unknown,SMV unattended vehicle,Unknown,Daylight,01 - Daylight,Municipal (excl. Twp. Rd.),No control,unknown,0,0,0,False,False,False,Freezing Rain,,False,FOREST GLEN CRES; FOREST GLEN CRES ; At; 4 M,1/30/2020 11:54:00 AM,,
47501,18-033528,1518417000000,2018,2,12,6,30,0,Monday,543800.95236,4810954.2516,-80.458655,43.450219999999995,Non intersection,2,P.D. only,Not on roadway - left side,unknown,unknown,SMV other,Unknown,"Dawn, artificial","04 - Dawn, artificial",Municipal (excl. Twp. Rd.),No control,unknown,0,0,0,False,False,False,Clear,,False,LYNDHURST DR; DEERFIELD AVE ; Near; 30 M,1/30/2020 11:53:59 AM,,
47502,18-033917,1518283800000,2018,2,10,17,30,0,Saturday,545151.78253,4812813.0563,-80.441807,43.466876,Non intersection,2,P.D. only,Thru lane,unknown,unknown,SMV unattended vehicle,Unknown,Daylight,01 - Daylight,Municipal (excl. Twp. Rd.),No control,unknown,0,0,0,False,False,False,Clear,,False,GEORGIAN CRES; GEORGIAN CRES ; Near,1/30/2020 11:53:58 AM,,
47503,18-033985,1518451200000,2018,2,12,16,0,0,Monday,545273.25447,4806433.28212,-80.440834,43.409425,At intersection,2,P.D. only,Within intersection,unknown,unknown,Angle,Stop sign,Daylight,01 - Daylight,Municipal (excl. Twp. Rd.),Stop sign,Functioning,0,0,0,False,False,False,Clear,,False,WILSON AVE; WABANAKI DR,1/30/2020 11:53:57 AM,,
47504,18-033987,1518449700000,2018,2,12,15,35,0,Monday,544815.15439,4808555.78162,-80.44631799999999,43.428564,At/near private drive,1,Non-fatal injury,Thru lane,unknown,unknown,Other,Unknown,Daylight,01 - Daylight,Municipal (excl. Twp. Rd.),No control,unknown,0,0,0,False,False,False,Clear,,False,CONNAUGHT ST; CONNAUGHT ST; At; 5 M,1/30/2020 11:53:56 AM,,
47505,18-034028,1518279300000,2018,2,10,16,15,0,Saturday,543412.2984,4804790.6858,-80.463948,43.394745,Non intersection,2,P.D. only,Thru lane,unknown,unknown,Sideswipe,Unknown,Daylight,01 - Daylight,Regional municipality,No control,unknown,0,0,0,False,False,False,Snow,,False,HURON RD; TEMPLEWOOD DR,1/30/2020 11:53:55 AM,,
47506,18-034152,1518462000000,2018,2,12,19,0,0,Monday,547631.98352,4810519.2543,-80.41134699999999,43.446069,At/near private drive,2,P.D. only,Thru lane,unknown,unknown,SMV unattended vehicle,Unknown,"Dusk, artificial","06 - Dusk, artificial",Municipal (excl. Twp. Rd.),No control,unknown,0,0,0,False,False,False,Clear,,False,LANDGREN CRT; LANDGREN CRT ; 1 M,1/30/2020 11:53:54 AM,,
47507,18-034243,1518492900000,2018,2,13,3,35,0,Tuesday,537088.88634,4809168.98885,-80.54173,43.434506999999996,At/near private drive,2,P.D. only,Thru lane,unknown,unknown,Other,Unknown,"Dark, artificial","08 - Dark, artificial",Municipal (excl. Twp. Rd.),No control,unknown,0,0,0,False,False,False,Clear,,False,GREENGABLE WAY ; GREENGABLE WAY ; At; 1 M,1/30/2020 11:53:53 AM,,
47508,18-034371,1518512880000,2018,2,13,9,8,0,Tuesday,536568.35719,4807603.69113,-80.548266,43.420438999999995,Non intersection,2,P.D. only,Thru lane,unknown,unknown,SMV unattended vehicle,Unknown,Daylight,01 - Daylight,Municipal (excl. Twp. Rd.),No control,unknown,0,0,0,False,False,False,Clear,,False,NEWBURY DR; NEWBURY DR ; At; 1 M,1/30/2020 11:53:52 AM,,
47509,18-034541,1518512400000,2018,2,13,9,0,0,Tuesday,539314.19919,4810615.07477,-80.51413099999999,43.447415,At intersection,2,P.D. only,Within intersection,unknown,unknown,Angle,Unknown,Daylight,01 - Daylight,Municipal (excl. Twp. Rd.),Traffic signal,Functioning,0,0,0,False,False,False,Clear,,False,BELMONT AVE W; GAGE AVE,1/30/2020 11:53:51 AM,,
47510,18-034625,1518525900000,2018,2,13,12,45,0,Tuesday,546992.29434,4808376.97871,-80.41943599999999,43.42682,At intersection,2,P.D. only,Within intersection,unknown,unknown,Turning movement,Unknown,Daylight,01 - Daylight,Regional municipality,Stop sign,Functioning,0,0,0,False,False,False,Clear,,False,RIVER RD E; GRAND RIVER BLVD,1/30/2020 11:53:50 AM,,
47511,18-034631,1518417000000,2018,2,12,6,30,0,Monday,540862.20785,4809652.62315,-80.495072,43.438666,Non intersection,2,P.D. only,Right shoulder,unknown,unknown,SMV unattended vehicle,Unknown,Dawn,03 - Dawn,Municipal (excl. Twp. Rd.),No control,unknown,0,0,0,False,False,False,Clear,,False,SPADINA RD E; SPADINA RD E; Near,1/30/2020 11:53:49 AM,,
47512,18-034760,1518539100000,2018,2,13,16,25,0,Tuesday,545273.24161,4806435.19968,-80.440834,43.409442999999996,Intersection related,2,P.D. only,Right turn lane,unknown,unknown,Rear end,Stop sign,Daylight,01 - Daylight,Municipal (excl. Twp. Rd.),Yield sign,Functioning,0,0,0,False,False,False,Clear,,False,WILSON AVE; WABANAKI DR,1/30/2020 11:53:48 AM,,
47513,18-034840,1518537600000,2018,2,13,16,0,0,Tuesday,541905.65077,4810550.21035,-80.48210999999999,43.44669,Intersection related,1,Non-fatal injury,Thru lane,unknown,unknown,Turning movement,Unknown,Daylight,01 - Daylight,Regional municipality,Stop sign,Functioning,0,0,0,False,True,False,Clear,,False,MADISON AVE N; KING ST E; Near; 2 M,1/30/2020 11:53:47 AM,,
47514,18-035112,1518546600000,2018,2,13,18,30,0,Tuesday,541068.0,4811108.0,0.0,0.0,At/near private drive,2,P.D. only,Thru lane,unknown,unknown,SMV unattended vehicle,Unknown,"Dusk, artificial","06 - Dusk, artificial",Municipal (excl. Twp. Rd.),No control,unknown,0,0,0,False,False,False,Clear,,False,STILLWATER ST; STILLWATER ST,1/30/2020 11:53:46 AM,,
47515,18-035122,1518595500000,2018,2,14,8,5,0,Wednesday,541797.44024,4808182.07164,-80.483628,43.425373,At/near private drive,2,P.D. only,Thru lane,unknown,unknown,Angle,Unknown,Daylight,01 - Daylight,Municipal (excl. Twp. Rd.),No control,unknown,0,0,0,False,False,False,Clear,,False,ALPINE RD; 721 OTTAWA ST S; At; 200 M,1/30/2020 11:53:45 AM,,
47516,18-035325,1518546600000,2018,2,13,18,30,0,Tuesday,542540.38332,4808085.75879,-80.474458,43.424464,Intersection related,2,P.D. only,Thru lane,unknown,unknown,Rear end,Unknown,Dark,07 - Dark,Municipal (excl. Twp. Rd.),Stop sign,Functioning,0,0,0,False,False,False,Clear,,False,ARDELT AVE; HANSON AVE,1/30/2020 11:53:45 AM,,
47517,18-035329,1518198600000,2018,2,9,17,50,0,Friday,541547.86769,4811884.68873,-80.48643,43.458726,At intersection,2,P.D. only,Within intersection,unknown,unknown,Angle,Unknown,"Dusk, artificial","06 - Dusk, artificial",Municipal (excl. Twp. Rd.),Stop sign,Functioning,0,0,1,False,False,False,Snow,,False,ST LEGER ST; BREITHAUPT ST,1/30/2020 11:53:43 AM,,
47518,18-035539,1518624780000,2018,2,14,16,13,0,Wednesday,543159.65679,4812082.04851,-80.46649099999999,43.460411,Intersection related,2,P.D. only,Right turn lane,unknown,unknown,Sideswipe,Unknown,Daylight,01 - Daylight,Regional municipality,Stop sign,Functioning,0,0,0,False,False,False,Clear,,False,FREDERICK ST ; ETHEL ST ; Near; 4 M,1/30/2020 11:53:43 AM,,
47519,18-035578,1518626100000,2018,2,14,16,35,0,Wednesday,544814.75651,4804819.76784,-80.446629,43.394925,At/near private drive,2,Non-reportable,Thru lane,unknown,unknown,Other,Unknown,Daylight,01 - Daylight,Municipal (excl. Twp. Rd.),No control,unknown,0,0,0,False,False,False,Clear,,False,PIONEER DR ; PIONEER DR ; At; 2 M,1/30/2020 11:53:42 AM,,
47520,18-035617,1518456600000,2018,2,12,17,30,0,Monday,541498.92556,4811996.59848,-80.487026,43.459736,At intersection,2,P.D. only,Within intersection,unknown,unknown,Turning movement,Unknown,Dark,07 - Dark,Municipal (excl. Twp. Rd.),Stop sign,Functioning,0,0,0,False,False,False,Clear,,False,WELLINGTON ST N; ST LEGER ST,1/30/2020 11:53:41 AM,,
47521,18-035692,1518554700000,2018,2,13,20,45,0,Tuesday,542272.6579,4803908.52354,-80.478088,43.386866999999995,At/near private drive,1,Non-fatal injury,Thru lane,unknown,unknown,Other,Unknown,"Dark, artificial","08 - Dark, artificial",Municipal (excl. Twp. Rd.),No control,unknown,0,0,0,False,False,False,Clear,,False,MAITLAND ST ; MAITLAND ST; Near,1/30/2020 11:53:40 AM,,
47522,18-036087,1518690480000,2018,2,15,10,28,0,Thursday,544330.94678,4808467.27778,-80.45230699999999,43.427796,At intersection,2,P.D. only,Within intersection,unknown,unknown,Angle,Unknown,Daylight,01 - Daylight,Municipal (excl. Twp. Rd.),Stop sign,Functioning,0,0,0,False,False,False,Clear,,False,FRANKLIN ST S; GREENFIELD AVE,1/30/2020 11:53:39 AM,,
47523,18-036558,1518729900000,2018,2,15,21,25,0,Thursday,543925.85811,4806635.12521,-80.457459,43.411322999999996,At/near private drive,2,P.D. only,Thru lane,unknown,unknown,Turning movement,Unknown,"Dark, artificial","08 - Dark, artificial",Municipal (excl. Twp. Rd.),No control,unknown,0,0,0,False,False,False,Clear,,False,FALLOWFIELD DR; BLEAMS RD; Near; 50 M,1/30/2020 11:53:38 AM,,
47524,18-036851,1518770940000,2018,2,16,8,49,0,Friday,542610.8701,4805876.97207,-80.473759,43.404571999999995,Intersection related,1,Non-fatal injury,Off highway,unknown,unknown,SMV other,Unknown,Daylight,01 - Daylight,Regional municipality,Stop sign,Functioning,0,0,0,False,False,False,Clear,,False,STRASBURG RD; MCINTYRE DR; Near; 100 M,1/30/2020 11:53:37 AM,,
47525,18-036866,1518768600000,2018,2,16,8,10,0,Friday,540903.56354,4811718.95715,-80.494406,43.457269,At/near private drive,2,P.D. only,Thru lane,unknown,unknown,Other,Unknown,Daylight,01 - Daylight,Municipal (excl. Twp. Rd.),No control,unknown,0,0,0,False,False,False,Clear,,True,WELLINGTON ST N; WELLINGTON ST N; At,1/20/2023 1:39:29 PM,,
47526,18-037115,1518786900000,2018,2,16,13,15,0,Friday,546892.01718,4809748.21519,-80.420557,43.439173,Intersection related,2,Non-reportable,Thru lane,unknown,unknown,Rear end,Unknown,Daylight,01 - Daylight,Municipal (excl. Twp. Rd.),Stop sign,Functioning,0,0,0,False,False,False,Clear,,False,SIMS ESTATE DR; BEAUMONT CRES,1/30/2020 11:53:35 AM,,
47527,18-037155,1518788760000,2018,2,16,13,46,0,Friday,540475.34881,4809720.9286,-80.499847,43.439302,At/near private drive,2,P.D. only,Thru lane,unknown,unknown,Rear end,Unknown,Daylight,01 - Daylight,Regional municipality,No control,unknown,0,0,0,False,False,False,Clear,,False,QUEENS BLVD ; HIGHLAND RD W,1/30/2020 11:53:35 AM,,
47528,18-037174,1518786000000,2018,2,16,13,0,0,Friday,543530.53758,4809564.43134,-80.462108,43.437720999999996,Non intersection,2,P.D. only,Thru lane,unknown,unknown,SMV unattended vehicle,Unknown,Daylight,01 - Daylight,Municipal (excl. Twp. Rd.),No control,unknown,0,0,0,False,False,False,Clear,,False,FLORAL CRES; FLORAL CRES; Near,1/30/2020 11:53:34 AM,,
47529,18-037192,1518796860000,2018,2,16,16,1,0,Friday,541291.97191,4813568.93426,-80.489465,43.473904999999995,Intersection related,2,P.D. only,Thru lane,unknown,unknown,SMV unattended vehicle,Unknown,Daylight,01 - Daylight,Municipal (excl. Twp. Rd.),Stop sign,Functioning,0,0,0,False,False,False,Clear,,False,LEANDER PL; HAMEL AVE ; 20 M,1/30/2020 11:53:33 AM,,
47530,18-037402,1518818520000,2018,2,16,22,2,0,Friday,541348.23813,4809262.81502,-80.48909599999999,43.435128999999996,At/near private drive,2,P.D. only,Thru lane,unknown,unknown,SMV unattended vehicle,Unknown,"Daylight, artificial","02 - Daylight, artificial",Municipal (excl. Twp. Rd.),No control,unknown,0,0,0,False,False,False,Clear,,False,CHARLES BEST PL ; 48 CHARLES BEST PL ; At; 2 M,1/30/2020 11:53:32 AM,,
47531,18-037889,1518870600000,2018,2,17,12,30,0,Saturday,541764.23968,4810762.07343,-80.483841,43.448606,Non intersection,2,P.D. only,Thru lane,unknown,unknown,SMV unattended vehicle,Unknown,Daylight,01 - Daylight,Municipal (excl. Twp. Rd.),No control,unknown,0,0,0,False,False,False,Clear,,False,EBY ST N; EBY ST N; Near,1/30/2020 11:53:31 AM,,
47532,18-037960,1518869400000,2018,2,17,12,10,0,Saturday,546325.45328,4808523.62257,-80.427662,43.428182,At/near private drive,2,P.D. only,Thru lane,unknown,unknown,Other,Unknown,Daylight,01 - Daylight,Municipal (excl. Twp. Rd.),No control,unknown,0,0,0,False,False,False,Clear,,False,MORGAN AVE; MORGAN AVE; At,1/30/2020 11:53:30 AM,,
47533,18-038440,1518894000000,2018,2,17,19,0,0,Saturday,545166.82342,4804466.23086,-80.44231099999999,43.39172,Non intersection,2,P.D. only,Thru lane,unknown,unknown,SMV unattended vehicle,Unknown,"Dark, artificial","08 - Dark, artificial",Municipal (excl. Twp. Rd.),No control,unknown,0,0,0,False,False,False,Clear,,False,HARVEST CRT; HARVEST CRT; Near,1/30/2020 11:53:29 AM,,
47534,18-038573,1515090000000,2018,1,4,18,20,0,Thursday,542218.94681,4806996.32255,-80.47851299999999,43.414673,Intersection related,2,Non-reportable,Thru lane,unknown,unknown,Rear end,Unknown,"Dusk, artificial","06 - Dusk, artificial",Municipal (excl. Twp. Rd.),Traffic signal,Functioning,0,0,0,False,False,False,Clear,,False,STRASBURG RD; STRASBURG RD; At,1/30/2020 11:53:28 AM,,
47535,18-038625,1518445200000,2018,2,12,14,20,0,Monday,542166.42964,4810385.33324,-80.47890000000001,43.445191,Non intersection,2,P.D. only,Left turn lane,unknown,unknown,Sideswipe,Unknown,Daylight,01 - Daylight,Regional municipality,No control,unknown,0,0,0,False,False,False,Clear,,False,KING ST E; PANDORA AVE N; Near,1/30/2020 11:53:27 AM,,
47536,18-039138,1518189600000,2018,2,9,15,20,0,Friday,536798.98053,4807159.07313,-80.545447,43.416424,Non intersection,2,P.D. only,Thru lane,unknown,unknown,Sideswipe,Unknown,Daylight,01 - Daylight,Municipal (excl. Twp. Rd.),No control,unknown,0,0,0,False,False,False,Clear,,False,HIGHVIEW DR; WILLOW GREEN CRT; Near; 30 M,1/30/2020 11:53:27 AM,,
47537,18-039245,1519047000000,2018,2,19,13,30,0,Monday,540217.67612,4805819.53507,-80.503318,43.404187,Intersection related,1,Non-fatal injury,Thru lane,unknown,unknown,Rear end,Unknown,Daylight,01 - Daylight,Municipal (excl. Twp. Rd.),Stop sign,Functioning,0,0,0,False,False,False,Rain,,False,MAX BECKER DR ; COMMONWEALTH CRES ; Near; 2 M,1/30/2020 11:53:26 AM,,
47538,18-039758,1519068600000,2018,2,19,19,30,0,Monday,536408.37295,4807879.3865,-80.550224,43.422928999999996,At/near private drive,2,P.D. only,Thru lane,unknown,unknown,SMV unattended vehicle,Unknown,Daylight,01 - Daylight,Municipal (excl. Twp. Rd.),No control,unknown,0,0,0,False,False,False,Clear,,False,NEWBURY DR; NEWBURY DR,1/30/2020 11:53:25 AM,,
47539,18-040041,1519137360000,2018,2,20,14,36,0,Tuesday,543070.57011,4805496.0184,-80.46811199999999,43.401115999999995,At intersection,2,P.D. only,Within intersection,unknown,unknown,Angle,Unknown,Daylight,01 - Daylight,Regional municipality,Stop sign,Functioning,0,0,0,False,False,False,Rain,,False,TRILLIUM DR; STRASBURG RD,1/30/2020 11:53:24 AM,,
47540,18-040087,1519141200000,2018,2,20,15,40,0,Tuesday,541941.13667,4811053.50234,-80.48163199999999,43.45122,At intersection,2,P.D. only,Within intersection,unknown,unknown,Turning movement,Unknown,Daylight,01 - Daylight,Municipal (excl. Twp. Rd.),Stop sign,Functioning,0,0,0,False,False,False,Rain,,False,LANCASTER ST E; HOHNER AVE,1/30/2020 11:53:23 AM,,
47541,18-040502,1519195920000,2018,2,21,6,52,0,Wednesday,543073.90131,4812799.86874,-80.467495,43.466879999999996,At intersection,1,Non-fatal injury,Within intersection,unknown,unknown,Turning movement,Unknown,Daylight,01 - Daylight,Municipal (excl. Twp. Rd.),Traffic signal,Functioning,0,0,0,False,False,False,Rain,,False,WELLINGTON ST N; RIVERBEND DR,1/30/2020 11:53:22 AM,,
47542,18-041381,1519287300000,2018,2,22,8,15,0,Thursday,542497.42682,4812517.08405,-80.474643,43.464366,Non intersection,2,Non-reportable,Thru lane,unknown,unknown,Rear end,Unknown,Daylight,01 - Daylight,Regional municipality,No control,unknown,0,0,0,False,False,False,Clear,,False,WELLINGTON ST N; LANCASTER ST W,1/30/2020 11:53:21 AM,,
47543,18-041532,1519221600000,2018,2,21,14,0,0,Wednesday,541836.93159,4806884.05857,-80.48324,43.413683999999996,At/near private drive,2,P.D. only,Thru lane,unknown,unknown,Rear end,Unknown,Daylight,01 - Daylight,Regional municipality,No control,unknown,0,0,0,False,False,False,Clear,,False,RITTENHOUSE RD; RITTENHOUSE RD,1/30/2020 11:53:20 AM,,
47544,18-042164,1519226100000,2018,2,21,15,15,0,Wednesday,543858.92754,4812519.97841,-80.457813,43.464313999999995,At/near private drive,2,P.D. only,Thru lane,unknown,unknown,SMV unattended vehicle,Unknown,Daylight,01 - Daylight,Municipal (excl. Twp. Rd.),No control,unknown,0,0,0,False,False,False,Clear,,False,AVON RD; AVON RD; At,1/30/2020 11:53:19 AM,,
47545,18-042256,1519192800000,2018,2,21,6,0,0,Wednesday,542066.1664,4811773.58642,-80.480032,43.457696,Non intersection,2,P.D. only,Right shoulder,unknown,unknown,SMV unattended vehicle,Unknown,Dark,07 - Dark,Regional municipality,No control,unknown,0,0,0,False,False,False,Clear,,False,CHESTNUT ST; CHESTNUT ST,1/30/2020 11:53:18 AM,,
47546,18-043274,1519483800000,2018,2,24,14,50,0,Saturday,541232.21903,4810948.09446,-80.490402,43.450309999999995,At intersection,2,P.D. only,Within intersection,unknown,unknown,Turning movement,Unknown,Daylight,01 - Daylight,Regional municipality,Traffic signal,Functioning,0,0,0,False,False,False,Clear,,False,KING ST W; ONTARIO ST S,1/30/2020 11:53:17 AM,,
47547,18-043355,1519490700000,2018,2,24,16,45,0,Saturday,542110.18756,4812324.53472,-80.479445,43.462655,At intersection,2,P.D. only,Within intersection,unknown,unknown,Turning movement,Unknown,Daylight,01 - Daylight,Regional municipality,Stop sign,Functioning,0,0,0,False,False,False,Clear,,False,WELLINGTON ST N; SPRING VALLEY RD,1/30/2020 11:53:17 AM,,
47548,18-043481,1519506300000,2018,2,24,21,5,0,Saturday,540485.31136,4806409.61828,-80.499969,43.409486,Non intersection,2,P.D. only,Thru lane,unknown,unknown,SMV unattended vehicle,Unknown,"Dark, artificial","08 - Dark, artificial",Municipal (excl. Twp. Rd.),No control,unknown,0,0,0,False,False,False,Clear,,False,HIGHBROOK ST; HIGHBROOK ST ; At; 10 M,1/30/2020 11:53:16 AM,,
47549,18-043613,1519519140000,2018,2,25,0,39,0,Sunday,540334.4152,4805884.82584,-80.50187199999999,43.404768999999995,At intersection,2,P.D. only,Within intersection,unknown,unknown,Angle,Unknown,"Dark, artificial","08 - Dark, artificial",Regional municipality,Stop sign,Functioning,0,0,0,False,False,False,Rain,,False,MAX BECKER DR ; HELENA FEASBY ST; 6.5 M,1/30/2020 11:53:15 AM,,
47550,18-044016,1519419600000,2018,2,23,21,0,0,Friday,544092.84356,4812695.58634,-80.45490699999999,43.465880999999996,Non intersection,2,P.D. only,Thru lane,unknown,unknown,SMV unattended vehicle,Unknown,Dark,07 - Dark,Municipal (excl. Twp. Rd.),No control,unknown,0,0,0,False,False,False,Clear,,False,FORFAR AVE; FORFAR AVE,1/30/2020 11:53:14 AM,,