OBJECTID,ACCIDENTNUM,ACCIDENTDATE,ACCIDENT_YEAR,ACCIDENT_MONTH,ACCIDENT_DAY,ACCIDENT_HOUR,ACCIDENT_MINUTE,ACCIDENT_SECOND,ACCIDENT_WEEKDAY,XCOORD,YCOORD,LONGITUDE,LATITUDE,ACCIDENTLOCATION,COLLISIONTYPE,CLASSIFICATIONOFACCIDENT,IMPACTLOCATION,INITIALDIRECTIONOFTRAVELONE,INITIALDIRECTIONOFTRAVELTWO,INITIALIMPACTTYPE,INTTRAFFICCONTROL,LIGHT,LIGHTFORREPORT,ROADJURISDICTION,TRAFFICCONTROL,TRAFFICCONTROLCONDITION,THRULANENO,NORTHBOUNDDISOBEYCOUNT,SOUTHBOUNDDISOBEYCOUNT,PEDESTRIANINVOLVED,CYCLISTINVOLVED,MOTORCYCLISTINVOLVED,ENVIRONMENTCONDITION1,ENVIRONMENTCONDITION2,SELFREPORTED,XMLIMPORTNOTES,LASTEDITEDDATE,CREATE_BY,CREATE_DATE
47551,18-044037,1519473600000,2018,2,24,12,0,0,Saturday,538323.75795,4807967.60683,-80.526557,43.423628,Non intersection,2,P.D. only,Thru lane,unknown,unknown,Turning movement,Unknown,Daylight,01 - Daylight,Municipal (excl. Twp. Rd.),No control,unknown,0,0,0,False,False,False,Clear,,False,SILVER ASPEN CRES; SILVER ASPEN CRES ; Near,1/30/2020 11:53:13 AM,,
47552,18-044256,1519597380000,2018,2,25,22,23,0,Sunday,541541.65487,4811467.41378,-80.486538,43.454969,Non intersection,2,P.D. only,Thru lane,unknown,unknown,SMV unattended vehicle,Unknown,Dark,07 - Dark,Municipal (excl. Twp. Rd.),No control,unknown,0,0,0,False,False,False,Clear,,False,MARGARET AVE; QUEEN ST S; Near; 100 M,1/30/2020 11:53:12 AM,,
47553,18-044457,1519632720000,2018,2,26,8,12,0,Monday,545238.19784,4808781.93134,-80.441073,43.430575,At/near private drive,2,P.D. only,Left turn lane,unknown,unknown,Turning movement,Unknown,Daylight,01 - Daylight,Municipal (excl. Twp. Rd.),No control,unknown,0,0,0,False,False,False,Clear,,False,KINGSWAY DR; KINGSWAY DR ; 1 M,1/30/2020 11:53:11 AM,,
47554,18-045227,1519718220000,2018,2,27,7,57,0,Tuesday,544141.31084,4808845.52931,-80.454619,43.431213,At intersection,2,P.D. only,Within intersection,unknown,unknown,Angle,Unknown,Daylight,01 - Daylight,Municipal (excl. Twp. Rd.),Stop sign,Functioning,0,0,0,False,False,False,Clear,,False,CONNAUGHT ST; FOURTH AVE,1/30/2020 11:53:10 AM,,
47555,18-045654,1519633800000,2018,2,26,8,30,0,Monday,545953.9786,4803718.90333,-80.432655,43.384944,Non intersection,2,P.D. only,Right shoulder,unknown,unknown,SMV unattended vehicle,Unknown,Daylight,01 - Daylight,Municipal (excl. Twp. Rd.),No control,unknown,0,0,0,False,False,False,Clear,,False,ARMENIAN CRT; ARMENIAN CRT ; Near,1/30/2020 11:53:09 AM,,
47556,18-045998,1519804440000,2018,2,28,7,54,0,Wednesday,542611.01705,4805879.29728,-80.47375699999999,43.404593,At intersection,2,P.D. only,Within intersection,unknown,unknown,Turning movement,Unknown,Daylight,01 - Daylight,Municipal (excl. Twp. Rd.),Stop sign,Functioning,0,0,0,False,False,False,Clear,,False,STRASBURG RD; MCINTYRE DR,1/30/2020 11:53:08 AM,,
47557,18-046207,1519819260000,2018,2,28,12,1,0,Wednesday,537995.10465,4810581.54946,-80.530435,43.447181,Non intersection,1,Non-fatal injury,Thru lane,unknown,unknown,SMV other,Unknown,Daylight,01 - Daylight,Private property,Traffic signal,Functioning,0,0,0,False,False,False,Clear,,False,GLASGOW ST; GLASGOW ST ; 5 M,1/30/2020 11:53:07 AM,,
47558,18-046397,1519830000000,2018,2,28,15,0,0,Wednesday,541068.0,4811108.0,0.0,0.0,Non intersection,2,P.D. only,Thru lane,unknown,unknown,SMV unattended vehicle,Unknown,Daylight,01 - Daylight,Municipal (excl. Twp. Rd.),No control,unknown,0,0,0,False,False,False,Clear,,False,SEABROOK DR; APPLE HILL CRES; Near,1/30/2020 11:53:06 AM,,
47559,18-046497,1519821900000,2018,2,28,12,45,0,Wednesday,544214.36771,4804804.55372,-80.454044,43.394822999999995,At/near private drive,2,P.D. only,Thru lane,unknown,unknown,SMV unattended vehicle,Unknown,Daylight,01 - Daylight,Municipal (excl. Twp. Rd.),No control,unknown,0,0,0,False,False,False,Clear,,False,CARLYLE DR; CARLYLE DR; Near,1/30/2020 11:53:05 AM,,
47560,18-047046,1519846200000,2018,2,28,19,30,0,Wednesday,540088.06539,4806055.73448,-80.504902,43.406321,At/near private drive,2,P.D. only,Thru lane,unknown,unknown,SMV unattended vehicle,Unknown,"Dark, artificial","08 - Dark, artificial",Municipal (excl. Twp. Rd.),No control,unknown,0,0,0,False,False,False,Clear,,False,COTTON GRASS ST; COTTON GRASS ST,1/30/2020 11:53:05 AM,,
47561,18-047174,1519912200000,2018,3,1,13,50,0,Thursday,541637.81728,4805541.69109,-80.485801,43.401607999999996,At intersection,2,P.D. only,Within intersection,unknown,unknown,Turning movement,Unknown,Daylight,01 - Daylight,Municipal (excl. Twp. Rd.),Stop sign,Functioning,0,0,0,False,False,False,Clear,,False,TRILLIUM DR; WASHBURN DR,1/30/2020 11:53:03 AM,,
47562,18-047224,1519851600000,2018,2,28,21,0,0,Wednesday,541068.0,4811108.0,0.0,0.0,Other,2,P.D. only,Off highway,unknown,unknown,SMV other,Unknown,Dark,07 - Dark,Private property,No control,unknown,0,0,0,False,False,False,Clear,,False,LOOKOUT LANE ; JOSEPH SCHOERG; Near; 5 M,1/30/2020 11:53:02 AM,,
47563,18-047309,1519922640000,2018,3,1,16,44,0,Thursday,539832.17886,4811140.61094,-80.507691,43.452118999999996,Intersection related,2,P.D. only,Thru lane,unknown,unknown,Rear end,Unknown,Daylight,01 - Daylight,Municipal (excl. Twp. Rd.),Traffic signal,Functioning,0,0,0,False,False,False,Clear,,False,PARK ST; DOMINION ST; At; 5 M,1/30/2020 11:53:02 AM,,
47564,18-047452,1519737900000,2018,2,27,13,25,0,Tuesday,540767.51645,4811090.99166,-80.496134,43.451622,Non intersection,2,P.D. only,Thru lane,unknown,unknown,SMV unattended vehicle,Unknown,Daylight,01 - Daylight,Municipal (excl. Twp. Rd.),No control,unknown,0,0,0,False,False,False,Clear,,False,HALLS LANE W; FRANCIS ST S; Near,1/30/2020 11:53:01 AM,,
47565,18-047477,1519938600000,2018,3,1,21,10,0,Thursday,543487.91621,4808401.67355,-80.462727,43.427254,At/near private drive,2,P.D. only,Not on roadway - left side,unknown,unknown,SMV other,Unknown,Dark,07 - Dark,Municipal (excl. Twp. Rd.),No control,unknown,0,0,0,False,False,False,Clear,,False,VANIER DR; VANIER DR ; Near; 1 M,1/30/2020 11:53:00 AM,,
47566,18-047553,1519948020000,2018,3,1,23,47,0,Thursday,545320.93824,4808206.64831,-80.44009799999999,43.42539,Non intersection,2,P.D. only,Thru lane,unknown,unknown,Approaching,Unknown,"Dark, artificial","08 - Dark, artificial",Municipal (excl. Twp. Rd.),No control,unknown,0,0,0,False,False,False,Snow,,False,KINGSWAY DR ; CEDARWOODS CRES ; Near; 75 M,1/30/2020 11:52:59 AM,,
47567,18-047689,1519979400000,2018,3,2,8,30,0,Friday,538354.94569,4809789.37439,-80.526043,43.44003,At intersection,2,P.D. only,Within intersection,unknown,unknown,Turning movement,Unknown,Daylight,01 - Daylight,Municipal (excl. Twp. Rd.),Stop sign,Functioning,0,0,0,False,False,False,Clear,,False,HAZELGLEN DR ; MOORGATE CR,1/30/2020 11:52:58 AM,,
47568,18-047691,1519807200000,2018,2,28,8,40,0,Wednesday,548130.64367,4804530.92361,-80.405712,43.392117999999996,At/near private drive,2,P.D. only,Thru lane,unknown,unknown,Angle,Unknown,Daylight,01 - Daylight,Municipal (excl. Twp. Rd.),Stop sign,Functioning,0,0,0,False,False,False,Clear,,False,DOON VALLEY DR; DOON VALLEY DR; At,1/30/2020 11:52:57 AM,,
47569,18-047703,1519980180000,2018,3,2,8,43,0,Friday,541068.0,4811108.0,0.0,0.0,Intersection related,2,P.D. only,Thru lane,unknown,unknown,Rear end,Unknown,Daylight,01 - Daylight,Municipal (excl. Twp. Rd.),Stop sign,Functioning,0,0,0,False,False,False,Clear,,False,SEABROOK DR; APPLE HILL CRES ; At; 2 M,1/30/2020 11:52:56 AM,,
47570,18-047732,1519982700000,2018,3,2,9,25,0,Friday,542843.14716,4809870.93204,-80.47057699999999,43.440521,At intersection,2,P.D. only,Within intersection,unknown,unknown,Approaching,Unknown,Daylight,01 - Daylight,Regional municipality,Stop sign,Functioning,0,0,0,False,False,False,Clear,,False,CHARLES ST E; SYDNEY ST S; 2 M,1/30/2020 11:52:55 AM,,
47571,18-047764,1519981500000,2018,3,2,9,5,0,Friday,541245.96171,4809259.92137,-80.49036,43.435109,At/near private drive,2,P.D. only,Thru lane,unknown,unknown,Other,Unknown,Daylight,01 - Daylight,Municipal (excl. Twp. Rd.),No control,unknown,0,0,0,False,False,False,Clear,,False,HIGHLAND RD E; HIGHLAND RD E,1/30/2020 11:52:54 AM,,
47572,18-047907,1519891200000,2018,3,1,8,0,0,Thursday,539771.6548,4805457.25759,-80.508853,43.400949,Non intersection,2,P.D. only,Thru lane,unknown,unknown,SMV unattended vehicle,Unknown,Daylight,01 - Daylight,Municipal (excl. Twp. Rd.),No control,unknown,0,0,0,False,False,False,Clear,,False,DONNENWERTH DR; DONNENWERTH DR,1/30/2020 11:52:53 AM,,
47573,18-048598,1520026200000,2018,3,2,21,30,0,Friday,545685.81053,4803968.49147,-80.43594499999999,43.387207,At/near private drive,2,P.D. only,Right shoulder,unknown,unknown,SMV unattended vehicle,Unknown,Dark,07 - Dark,Municipal (excl. Twp. Rd.),No control,unknown,0,0,0,False,False,False,Clear,,False,DOON MILLS DR; DOON MILLS DR ; At; 1 M,1/30/2020 11:52:52 AM,,
47574,18-048672,1520073000000,2018,3,3,10,30,0,Saturday,540595.59399,4809602.44686,-80.49837,43.438229,At/near private drive,2,P.D. only,Thru lane,unknown,unknown,SMV unattended vehicle,Unknown,Daylight,01 - Daylight,Municipal (excl. Twp. Rd.),No control,unknown,0,0,0,False,False,False,Clear,,False,REX DR; REX DR,1/30/2020 11:52:51 AM,,
47575,18-048903,1520099940000,2018,3,3,17,59,0,Saturday,540114.37566,4805794.70837,-80.50459599999999,43.403969,At/near private drive,2,P.D. only,Thru lane,unknown,unknown,SMV unattended vehicle,Unknown,Daylight,01 - Daylight,Municipal (excl. Twp. Rd.),No control,unknown,0,0,0,False,False,False,Clear,,False,MAX BECKER DR; MAX BECKER DR ; Near; 2 M,1/30/2020 11:52:50 AM,,
47576,18-049336,1520154000000,2018,3,4,9,0,0,Sunday,543408.16168,4804784.38892,-80.464,43.394689,Non intersection,2,P.D. only,Not on roadway - right side,unknown,unknown,SMV other,Unknown,Daylight,01 - Daylight,Regional municipality,No control,unknown,0,0,0,False,False,False,Clear,,False,HURON RD ; STRASBURG RD ; Near; 300 M,1/30/2020 11:52:49 AM,,
47577,18-049340,1520093400000,2018,3,3,16,10,0,Saturday,544794.86525,4809839.71023,-80.446463,43.440124999999995,At/near private drive,2,P.D. only,Thru lane,unknown,unknown,Rear end,Unknown,Daylight,01 - Daylight,Municipal (excl. Twp. Rd.),No control,unknown,0,0,0,False,False,False,Clear,,False,FRANKLIN ST N; FRANKLIN ST N; At,1/30/2020 11:52:48 AM,,
47578,18-049491,1520169000000,2018,3,4,13,10,0,Sunday,538776.82113,4808892.34393,-80.520894,43.431931,At intersection,2,P.D. only,Within intersection,unknown,unknown,Angle,Unknown,Daylight,01 - Daylight,Municipal (excl. Twp. Rd.),Stop sign,Functioning,0,0,0,False,False,False,Clear,,False,OVERLEA DR; EAGEN DR,1/30/2020 11:52:48 AM,,
47579,18-049943,1520235660000,2018,3,5,7,41,0,Monday,541184.29059,4810690.34028,-80.49101399999999,43.447992,At intersection,2,P.D. only,Within intersection,unknown,unknown,Turning movement,Unknown,Daylight,01 - Daylight,Municipal (excl. Twp. Rd.),Traffic signal,Functioning,0,0,1,False,False,False,Clear,,False,QUEEN ST S; JOSEPH ST,1/30/2020 11:52:47 AM,,
47580,18-049948,1520235900000,2018,3,5,7,45,0,Monday,541227.10553,4809296.07496,-80.49059,43.435435,At intersection,2,P.D. only,Within intersection,unknown,unknown,Turning movement,Unknown,Daylight,01 - Daylight,Municipal (excl. Twp. Rd.),Stop sign,Functioning,0,0,0,False,False,False,Clear,,False,HIGHLAND RD E; MAUSSER AVE,1/30/2020 11:52:46 AM,,
47581,18-050111,1520001000000,2018,3,2,14,30,0,Friday,547365.9494,4810171.00956,-80.414664,43.442949999999996,Non intersection,2,P.D. only,Thru lane,unknown,unknown,Sideswipe,Unknown,Daylight,01 - Daylight,Regional municipality,No control,unknown,0,0,0,False,False,False,Clear,,False,FAIRWAY CRES; LACKNER BLVD,1/30/2020 11:52:45 AM,,
47582,18-050215,1520258040000,2018,3,5,13,54,0,Monday,541817.76698,4811417.5883,-80.48312899999999,43.454505,At/near private drive,2,P.D. only,Thru lane,unknown,unknown,Sideswipe,Unknown,Daylight,01 - Daylight,Municipal (excl. Twp. Rd.),No control,unknown,0,0,0,False,False,False,Clear,,False,ELLEN ST E; ELLEN ST E; At; 2 M,1/30/2020 11:52:44 AM,,
47583,18-050256,1520261700000,2018,3,5,14,55,0,Monday,541451.18811,4812105.45129,-80.487608,43.460719,At intersection,2,P.D. only,Within intersection,unknown,unknown,Angle,Unknown,Daylight,01 - Daylight,Municipal (excl. Twp. Rd.),Stop sign,Functioning,0,0,0,False,False,False,Clear,,False,ST LEGER ST; LOUISA ST,1/30/2020 11:52:43 AM,,
47584,18-050358,1520262600000,2018,3,5,15,10,0,Monday,545822.74718,4802615.82082,-80.434367,43.375018999999995,At/near private drive,2,P.D. only,Thru lane,unknown,unknown,Other,Unknown,Daylight,01 - Daylight,Municipal (excl. Twp. Rd.),No control,unknown,0,0,0,False,False,False,Clear,,False,THOMAS SLEE DR; THOMAS SLEE DR ; Near,1/30/2020 11:52:42 AM,,
47585,18-050389,1520211600000,2018,3,5,1,0,0,Monday,542720.3534,4810985.77458,-80.47200699999999,43.450565999999995,At/near private drive,2,P.D. only,Thru lane,unknown,unknown,SMV unattended vehicle,Unknown,"Dark, artificial","08 - Dark, artificial",Municipal (excl. Twp. Rd.),No control,unknown,0,0,0,False,False,False,Clear,,False,CAMERON ST N; CAMERON ST N; At,1/30/2020 11:52:41 AM,,
47586,18-050834,1519644600000,2018,2,26,11,30,0,Monday,543856.70584,4811215.71358,-80.457945,43.45257,At/near private drive,2,P.D. only,Thru lane,unknown,unknown,SMV unattended vehicle,Unknown,Daylight,01 - Daylight,Municipal (excl. Twp. Rd.),No control,unknown,0,0,0,False,False,False,Clear,,False,LYNDHURST DR; LYNDHURST DR,1/30/2020 11:52:40 AM,,
47587,18-050936,1519884000000,2018,3,1,6,0,0,Thursday,545139.9351,4804742.82746,-80.44261999999999,43.394211999999996,At/near private drive,2,P.D. only,Right shoulder,unknown,unknown,SMV unattended vehicle,Unknown,Daylight,01 - Daylight,Municipal (excl. Twp. Rd.),No control,unknown,0,0,0,False,False,False,Clear,,False,PIONEER DR; PIONEER DR ; At,1/30/2020 11:52:39 AM,,
47588,18-051128,1520076600000,2018,3,3,11,30,0,Saturday,542011.00517,4810481.14615,-80.480813,43.446062,At intersection,2,P.D. only,Within intersection,unknown,unknown,Angle,Unknown,Daylight,01 - Daylight,Regional municipality,Stop sign,Functioning,0,0,1,False,False,False,Clear,,False,CAMERON ST N; KING ST E,1/30/2020 11:52:38 AM,,
47589,18-051219,1520361000000,2018,3,6,18,30,0,Tuesday,545434.48249,4808344.9659,-80.438684,43.426628,At intersection,2,P.D. only,Within intersection,unknown,unknown,Turning movement,Unknown,Dark,07 - Dark,Municipal (excl. Twp. Rd.),Stop sign,Functioning,0,0,0,False,False,False,Clear,,False,KINGSWAY DR; CEDARWOODS CRES,1/30/2020 11:52:37 AM,,
47590,18-051640,1520412600000,2018,3,7,8,50,0,Wednesday,537512.50435,4808316.2527,-80.536554,43.426808,Non intersection,2,P.D. only,Thru lane,unknown,unknown,Angle,Unknown,Daylight,01 - Daylight,Municipal (excl. Twp. Rd.),No control,unknown,0,0,0,False,False,False,Snow,,False,MONTANA CRES; MONTANA CRES; Near,1/30/2020 11:52:36 AM,,
47591,18-051963,1520444820000,2018,3,7,17,47,0,Wednesday,542524.28113,4812530.90469,-80.47431,43.464489,At intersection,1,Non-fatal injury,Within intersection,unknown,unknown,Angle,Unknown,Daylight,01 - Daylight,Regional municipality,Stop sign,Functioning,0,0,0,False,False,False,Clear,,False,85 S OFF TO WELLINGTON ST N; WELLINGTON ST N,1/30/2020 11:52:35 AM,,
47592,18-052301,1520492460000,2018,3,8,7,1,0,Thursday,541913.98581,4811637.01484,-80.481923,43.456475,At intersection,1,Non-fatal injury,Within intersection,unknown,unknown,Turning movement,Unknown,Daylight,01 - Daylight,Regional municipality,Stop sign,Functioning,0,0,0,False,False,False,Snow,,False,LANCASTER ST E; MANSION ST,1/30/2020 11:52:34 AM,,
47593,18-052387,1520500020000,2018,3,8,9,7,0,Thursday,545485.43173,4804676.0926,-80.43836,43.393591,Intersection related,2,P.D. only,Thru lane,unknown,unknown,Rear end,Unknown,Daylight,01 - Daylight,Municipal (excl. Twp. Rd.),Stop sign,Functioning,0,0,0,False,False,False,Clear,,False,PIONEER DR; UPPER CANADA DR ; Near; 50 M,1/30/2020 11:52:33 AM,,
47594,18-052502,1520506800000,2018,3,8,11,0,0,Thursday,540096.31892,4807975.82408,-80.50465899999999,43.423609,Non intersection,2,P.D. only,Not on roadway - left side,unknown,unknown,SMV other,Unknown,Daylight,01 - Daylight,Municipal (excl. Twp. Rd.),No control,unknown,0,0,0,False,False,False,Clear,,False,SWEETBRIAR DR; SWEETBRIAR DR ; Near; 20 M,1/30/2020 11:52:33 AM,,
47595,18-052736,1520496900000,2018,3,8,8,15,0,Thursday,541877.34075,4811809.23918,-80.48236299999999,43.458028,Intersection related,2,P.D. only,Thru lane,unknown,unknown,Rear end,Unknown,Daylight,01 - Daylight,Municipal (excl. Twp. Rd.),Stop sign,Functioning,0,0,0,False,False,False,Snow,,False,LANCASTER ST E; QUEEN ST N; Near,1/30/2020 11:52:31 AM,,
47596,18-052979,1520548140000,2018,3,8,22,29,0,Thursday,539111.84848,4811655.63446,-80.51655699999999,43.456795,At intersection,1,Non-fatal injury,Within intersection,unknown,unknown,Angle,Unknown,"Daylight, artificial","02 - Daylight, artificial",Regional municipality,Traffic signal,Functioning,0,0,0,False,False,False,Clear,,False,UNION BLVD; PARK ST,1/30/2020 11:52:31 AM,,
47597,18-053226,1520588400000,2018,3,9,9,40,0,Friday,541183.32901,4810690.3344,-80.49102599999999,43.447992,Intersection related,2,P.D. only,Right turn lane,unknown,unknown,Rear end,Unknown,Daylight,01 - Daylight,Municipal (excl. Twp. Rd.),Traffic signal,Functioning,0,0,0,False,False,False,Snow,,False,JOSEPH ST; QUEEN ST S; 5 M,1/30/2020 11:52:30 AM,,
47598,18-053232,1520589600000,2018,3,9,10,0,0,Friday,545718.50275,4803495.33166,-80.435581,43.382945,Non intersection,2,P.D. only,Thru lane,unknown,unknown,Angle,Unknown,Daylight,01 - Daylight,Municipal (excl. Twp. Rd.),No control,unknown,0,0,0,False,False,False,Snow,,False,PINE VALLEY DR; PINE VALLEY DR ; At; 1 M,1/30/2020 11:52:29 AM,,
47599,18-053558,1520610300000,2018,3,9,15,45,0,Friday,547355.01278,4804273.83078,-80.415311,43.389852999999995,Other,2,P.D. only,Off highway,unknown,unknown,Other,Unknown,Daylight,01 - Daylight,Private property,No control,unknown,0,0,0,False,False,False,Clear,,False,PINNACLE DR; PINNACLE DR ; At,1/30/2020 11:52:28 AM,,
47600,18-053675,1520281260000,2018,3,5,20,21,0,Monday,544210.31419,4808751.12052,-80.453774,43.430358999999996,Other,2,P.D. only,Off highway,unknown,unknown,SMV unattended vehicle,Unknown,Dark,07 - Dark,Private property,No control,unknown,0,0,0,False,False,False,Clear,,False,DRIVEWAY; FIFTH AVE,1/30/2020 11:52:27 AM,,
47601,18-054268,1520695800000,2018,3,10,15,30,0,Saturday,541122.82518,4806835.79514,-80.492064,43.413289,Intersection related,2,P.D. only,Thru lane,unknown,unknown,Approaching,Unknown,Daylight,01 - Daylight,Municipal (excl. Twp. Rd.),Stop sign,Functioning,0,0,0,False,False,False,Clear,,False,LAURENTIAN DR; RADCLIFFE DR,1/30/2020 11:52:26 AM,,
47602,18-055025,1520796480000,2018,3,11,19,28,0,Sunday,542582.10024,4810126.09167,-80.473783,43.442833,At/near private drive,2,P.D. only,Thru lane,unknown,unknown,Turning movement,Unknown,Daylight,01 - Daylight,Regional municipality,No control,unknown,0,0,0,False,False,False,Clear,,False,BORDEN AVE N; KING ST E; Near; 15 M,1/30/2020 11:52:25 AM,,
47603,18-056233,1520940840000,2018,3,13,11,34,0,Tuesday,539191.86596,4811620.69056,-80.51557,43.456475999999995,At/near private drive,2,P.D. only,Thru lane,unknown,unknown,Other,Unknown,Daylight,01 - Daylight,Municipal (excl. Twp. Rd.),No control,unknown,0,0,0,False,False,False,Clear,,False,PARK ST; PARK ST ; At; 1 M,1/30/2020 11:52:24 AM,,
47604,18-056239,1520941500000,2018,3,13,11,45,0,Tuesday,538985.73771,4811064.61326,-80.518158,43.45148,Non intersection,2,P.D. only,Not on roadway - right side,unknown,unknown,SMV other,Unknown,Daylight,01 - Daylight,Municipal (excl. Twp. Rd.),No control,unknown,0,0,0,False,False,False,Clear,,False,BELMONT AVE W; GLASGOW ST ; Near; 100 M,1/30/2020 11:52:23 AM,,
47605,18-056410,1517683500000,2018,2,3,18,45,0,Saturday,539699.5282000001,4810681.4439,-80.50936399999999,43.447992,Intersection related,2,P.D. only,Thru lane,unknown,unknown,Turning movement,Unknown,"Dark, artificial","08 - Dark, artificial",Municipal (excl. Twp. Rd.),No control,unknown,0,0,0,False,False,False,Snow,,False,GAGE AVE; WAVERLY RD,1/30/2020 11:52:22 AM,,
47606,18-057300,1521050400000,2018,3,14,18,0,0,Wednesday,539338.01629,4806749.04544,-80.51411499999999,43.412603,Non intersection,2,P.D. only,Thru lane,unknown,unknown,SMV unattended vehicle,Unknown,Daylight,01 - Daylight,Regional municipality,No control,unknown,0,0,0,False,False,False,Clear,,False,GREY FOX DR ; GREY FOX DR ; At,1/30/2020 11:52:21 AM,,
47607,18-057812,1521062100000,2018,3,14,21,15,0,Wednesday,539368.50282,4810477.06905,-80.513469,43.446169,At/near private drive,2,P.D. only,Thru lane,unknown,unknown,Turning movement,Unknown,"Dark, artificial","08 - Dark, artificial",Municipal (excl. Twp. Rd.),No control,unknown,0,0,0,False,False,False,Clear,,False,BELMONT AVE W; BELMONT AVE W; At; 0 M,1/30/2020 11:52:20 AM,,
47608,18-057937,1521131640000,2018,3,15,16,34,0,Thursday,542313.95723,4810287.89078,-80.47708399999999,43.444305,Non intersection,1,Non-fatal injury,Thru lane,unknown,unknown,Rear end,Unknown,Daylight,01 - Daylight,Regional municipality,No control,unknown,0,0,0,False,False,False,Clear,,False,KING ST E; STIRLING AVE N; At; 15 M,1/30/2020 11:52:19 AM,,
47609,18-058075,1521146100000,2018,3,15,20,35,0,Thursday,544609.42893,4809094.1229,-80.448815,43.433423,At intersection,2,P.D. only,Within intersection,unknown,unknown,Approaching,Unknown,"Dark, artificial","08 - Dark, artificial",Regional municipality,Traffic signal,Functioning,0,0,1,False,False,False,Clear,,False,KINGSWAY DR ; FRANKLIN ST S; 2 M,1/30/2020 11:52:18 AM,,
47610,18-058148,1521154200000,2018,3,15,22,50,0,Thursday,543248.17558,4804517.70047,-80.46599599999999,43.392297,Intersection related,2,P.D. only,Thru lane,unknown,unknown,Turning movement,Unknown,"Daylight, artificial","02 - Daylight, artificial",Regional municipality,Yield sign,Functioning,0,0,0,False,False,False,Clear,,False,HURON RD; STRASBURG RD; At,1/30/2020 11:52:17 AM,,
47611,18-058278,1521174600000,2018,3,16,4,30,0,Friday,541348.68515,4808393.49859,-80.489156,43.427302,At/near private drive,2,P.D. only,Off highway,unknown,unknown,SMV other,Unknown,"Daylight, artificial","02 - Daylight, artificial",Municipal (excl. Twp. Rd.),No control,unknown,0,0,0,False,False,False,Snow,,False,AVALON PL; AVALON PL ; Near; 30 M,1/30/2020 11:52:16 AM,,
47612,18-059452,1521279900000,2018,3,17,9,45,0,Saturday,540552.49797,4807057.19681,-80.49909199999999,43.415313,At/near private drive,2,Non-reportable,Thru lane,unknown,unknown,Other,Unknown,Daylight,01 - Daylight,Municipal (excl. Twp. Rd.),No control,unknown,0,0,0,False,False,False,Clear,,False,DUNSMERE CRT; DUNSMERE CRT,1/30/2020 11:52:15 AM,,
47613,18-059590,1521295260000,2018,3,17,14,1,0,Saturday,543066.28632,4809704.0003,-80.467833,43.439004999999995,Non intersection,2,P.D. only,Not on roadway - right side,unknown,unknown,SMV other,Unknown,Daylight,01 - Daylight,Municipal (excl. Twp. Rd.),No control,unknown,0,0,0,False,False,False,Clear,,False,FLORAL CRES; PRESTON ST ; Near; 50 M,1/30/2020 11:52:14 AM,,
47614,18-059662,1521289800000,2018,3,17,12,30,0,Saturday,547124.16867,4808317.64436,-80.417812,43.426277999999996,At/near private drive,2,P.D. only,Right shoulder,unknown,unknown,SMV unattended vehicle,Unknown,Dark,07 - Dark,Municipal (excl. Twp. Rd.),No control,unknown,0,0,0,False,False,False,Clear,,False,MANOR DR; MANOR DR ; Near; 5 M,1/30/2020 11:52:13 AM,,
47615,18-059701,1521295200000,2018,3,17,14,0,0,Saturday,542465.93958,4810522.96291,-80.475188,43.446413,At intersection,2,P.D. only,Within intersection,unknown,unknown,Turning movement,Unknown,Daylight,01 - Daylight,Regional municipality,Stop sign,Functioning,0,0,0,False,False,False,Clear,,False,STIRLING AVE N; WEBER ST E,1/30/2020 11:52:13 AM,,
47616,18-060965,1521313200000,2018,3,17,19,0,0,Saturday,543271.06288,4811932.42027,-80.465126,43.459058,Non intersection,2,P.D. only,Right shoulder,unknown,unknown,SMV unattended vehicle,Unknown,Daylight,01 - Daylight,Municipal (excl. Twp. Rd.),No control,unknown,0,0,0,False,False,False,Clear,,False,ETON DR; ETON DR,1/30/2020 11:52:12 AM,,
47617,18-061060,1521305100000,2018,3,17,16,45,0,Saturday,540022.46424,4806737.90773,-80.505662,43.412467,At/near private drive,2,Non-reportable,Thru lane,unknown,unknown,SMV unattended vehicle,Unknown,Daylight,01 - Daylight,Municipal (excl. Twp. Rd.),No control,unknown,0,0,0,False,False,False,Clear,,False,DINISON CRES; DINISON CRES,1/30/2020 11:52:11 AM,,