OBJECTID,ACCIDENTNUM,ACCIDENTDATE,ACCIDENT_YEAR,ACCIDENT_MONTH,ACCIDENT_DAY,ACCIDENT_HOUR,ACCIDENT_MINUTE,ACCIDENT_SECOND,ACCIDENT_WEEKDAY,XCOORD,YCOORD,LONGITUDE,LATITUDE,ACCIDENTLOCATION,COLLISIONTYPE,CLASSIFICATIONOFACCIDENT,IMPACTLOCATION,INITIALDIRECTIONOFTRAVELONE,INITIALDIRECTIONOFTRAVELTWO,INITIALIMPACTTYPE,INTTRAFFICCONTROL,LIGHT,LIGHTFORREPORT,ROADJURISDICTION,TRAFFICCONTROL,TRAFFICCONTROLCONDITION,THRULANENO,NORTHBOUNDDISOBEYCOUNT,SOUTHBOUNDDISOBEYCOUNT,PEDESTRIANINVOLVED,CYCLISTINVOLVED,MOTORCYCLISTINVOLVED,ENVIRONMENTCONDITION1,ENVIRONMENTCONDITION2,SELFREPORTED,XMLIMPORTNOTES,LASTEDITEDDATE,CREATE_BY,CREATE_DATE
47618,18-061136,1521284400000,2018,3,17,11,0,0,Saturday,549444.77777,4806007.23706,-80.389353,43.405325999999995,Intersection related,1,Non-fatal injury,Thru lane,unknown,unknown,Rear end,Unknown,Daylight,01 - Daylight,Regional municipality,Traffic signal,Functioning,0,0,0,False,False,False,Clear,,False,KING ST E; TU LANE ST,1/30/2020 11:52:10 AM,,
47619,18-061751,1521401400000,2018,3,18,19,30,0,Sunday,542337.97253,4811882.91074,-80.476664,43.458664999999996,Non intersection,2,P.D. only,Right shoulder,unknown,unknown,SMV unattended vehicle,Unknown,Dark,07 - Dark,Municipal (excl. Twp. Rd.),No control,unknown,0,0,0,False,False,False,Clear,,False,DUNHAM AVE; DUNHAM AVE,1/30/2020 11:52:09 AM,,
47620,18-061854,1521470700000,2018,3,19,14,45,0,Monday,547783.69108,4804385.72331,-80.41000799999999,43.390833,At/near private drive,1,Non-fatal injury,Thru lane,unknown,unknown,Turning movement,Unknown,Daylight,01 - Daylight,Regional municipality,No control,unknown,0,0,0,False,False,False,Clear,,False,CONESTOGA COLLEGE BLVD ; DOON VALLET DRIVE KITCHENER; Near; 7 M,1/30/2020 11:52:08 AM,,
47621,18-061933,1521474300000,2018,3,19,15,45,0,Monday,539503.6309,4810145.82228,-80.51182299999999,43.44318,Non intersection,2,P.D. only,Thru lane,unknown,unknown,Sideswipe,Unknown,Daylight,01 - Daylight,Regional municipality,No control,unknown,0,0,0,False,False,False,Clear,,False,BELMONT AVE W; VICTORIA ST S,1/30/2020 11:52:07 AM,,
47622,18-062429,1521527400000,2018,3,20,6,30,0,Tuesday,541657.111,4807894.54736,-80.485384,43.422792,At/near private drive,2,P.D. only,Thru lane,unknown,unknown,SMV unattended vehicle,Unknown,"Dark, artificial","08 - Dark, artificial",Municipal (excl. Twp. Rd.),No control,unknown,0,0,0,False,False,False,Clear,,False,ROBERTS CRES; ROBERTS CRES,1/30/2020 11:52:06 AM,,
47623,18-062852,1521560100000,2018,3,20,15,35,0,Tuesday,539733.57975,4806766.93827,-80.509228,43.412743999999996,At/near private drive,2,P.D. only,Thru lane,unknown,unknown,Other,Unknown,Daylight,01 - Daylight,Municipal (excl. Twp. Rd.),No control,unknown,0,0,0,False,False,False,Clear,,False,ACTIVA AVE; ACTIVA AVE,1/30/2020 11:52:05 AM,,
47624,18-063571,1526916000000,2018,5,21,15,20,0,Monday,542111.63855,4812323.10682,-80.479427,43.462641999999995,Intersection related,1,Non-fatal injury,Within intersection,unknown,unknown,Turning movement,Unknown,Daylight,01 - Daylight,Regional municipality,Stop sign,Functioning,0,0,0,False,False,False,Clear,,False,WELLINGTON ST N; SPRING VALLEY RD ; At,1/30/2020 11:52:04 AM,,
47625,18-063600,1521619200000,2018,3,21,8,0,0,Wednesday,542680.78654,4803966.57565,-80.473045,43.387367,At/near private drive,2,P.D. only,Thru lane,unknown,unknown,SMV unattended vehicle,Unknown,Daylight,01 - Daylight,Municipal (excl. Twp. Rd.),No control,unknown,0,0,0,False,False,False,Clear,,False,CRANSHAW ST; CRANSHAW ST; Near,1/30/2020 11:52:03 AM,,
47626,18-063690,1521654060000,2018,3,21,17,41,0,Wednesday,538220.1195,4806515.44302,-80.52793799999999,43.410557999999995,At intersection,1,Non-fatal injury,Within intersection,unknown,unknown,Angle,Unknown,Daylight,01 - Daylight,Municipal (excl. Twp. Rd.),Stop sign,Functioning,0,0,0,False,False,False,Clear,,False,PROSPERITY DR; FOXGLOVE CRES,1/30/2020 11:52:02 AM,,
47627,18-065046,1521803160000,2018,3,23,11,6,0,Friday,541495.91131,4810152.56426,-80.48720399999999,43.443132,Non intersection,1,Non-fatal injury,Not on roadway - right side,unknown,unknown,SMV other,Unknown,Daylight,01 - Daylight,Regional municipality,No control,unknown,0,0,0,False,False,False,Clear,,False,CEDAR ST S; COURTLAND AVE E; Near; 43 M,1/30/2020 11:52:01 AM,,
47628,18-065354,1521829140000,2018,3,23,18,19,0,Friday,542065.42303,4810447.74075,-80.480143,43.445758,At/near private drive,2,P.D. only,Thru lane,unknown,unknown,Turning movement,Unknown,Daylight,01 - Daylight,Regional municipality,No control,unknown,0,0,0,False,False,False,Clear,,False,KING ST E; KING ST E; 0 M,1/30/2020 11:52:00 AM,,
47629,18-066139,1521913560000,2018,3,24,17,46,0,Saturday,539112.82457,4811655.20098,-80.516545,43.456790999999996,At intersection,2,P.D. only,Within intersection,unknown,unknown,Angle,Unknown,Daylight,01 - Daylight,Municipal (excl. Twp. Rd.),Traffic signal,Functioning,0,0,0,False,False,False,Clear,,False,UNION BLVD ; PARK  ST,1/30/2020 11:51:59 AM,,
47630,18-066605,1521909000000,2018,3,24,16,30,0,Saturday,545095.33355,4810850.11082,-80.442667,43.449205,Non intersection,2,P.D. only,Thru lane,unknown,unknown,Sideswipe,Unknown,Daylight,01 - Daylight,Municipal (excl. Twp. Rd.),No control,unknown,0,0,0,False,False,False,Clear,,False,RIVER RD E; HOLBORN DR; Near; 50 M,1/30/2020 11:51:59 AM,,
47631,18-066607,1521955800000,2018,3,25,5,30,0,Sunday,539607.56179,4811882.12916,-80.510413,43.458808,At/near private drive,2,P.D. only,Thru lane,unknown,unknown,SMV other,Unknown,Dark,07 - Dark,Municipal (excl. Twp. Rd.),No control,unknown,0,0,0,False,False,False,Clear,,False,PINE ST ; PINE ST ; At; 0 M,1/30/2020 11:51:58 AM,,
47632,18-066627,1521895500000,2018,3,24,12,45,0,Saturday,538682.53051,4805531.50204,-80.522297,43.401675,At/near private drive,2,P.D. only,Thru lane,unknown,unknown,Other,Unknown,Daylight,01 - Daylight,Municipal (excl. Twp. Rd.),No control,unknown,0,0,0,False,False,False,Clear,,False,ISAIAH DR; ISAIAH DR ; Near; 3 M,1/30/2020 11:51:57 AM,,
47633,18-067179,1522047960000,2018,3,26,7,6,0,Monday,540113.67267,4809363.45621,-80.504342,43.436102999999996,At/near private drive,1,Non-fatal injury,Not on roadway - right side,unknown,unknown,SMV other,Unknown,Daylight,01 - Daylight,Municipal (excl. Twp. Rd.),No control,unknown,0,0,0,True,False,False,Clear,,False,QUEENS BLVD ; QUEENS BLVD ; At; 1 M,1/30/2020 11:51:56 AM,,
47634,18-067334,1521981000000,2018,3,25,12,30,0,Sunday,545433.04607,4808343.99767,-80.43870199999999,43.42662,At/near private drive,2,Non-reportable,Thru lane,unknown,unknown,Turning movement,Unknown,Daylight,01 - Daylight,Municipal (excl. Twp. Rd.),No control,unknown,0,0,0,False,False,False,Clear,,False,CEDARWOODS CRES; KINGSWAY DR ; Near; 10 M,1/30/2020 11:51:55 AM,,
47635,18-067335,1522056360000,2018,3,26,9,26,0,Monday,545146.18197,4807123.50006,-80.442347,43.415648,Intersection related,2,P.D. only,Right turn lane,unknown,unknown,Turning movement,Unknown,Daylight,01 - Daylight,Municipal (excl. Twp. Rd.),Stop sign,Functioning,0,0,0,False,False,False,Clear,,False,GOODRICH DR; WILSON AVE ; 1 M,1/30/2020 11:51:54 AM,,
47636,18-067378,1522058400000,2018,3,26,10,0,0,Monday,545293.75871,4803388.1283,-80.440833,43.382005,Other,2,P.D. only,Off highway,unknown,unknown,Other,Unknown,Daylight,01 - Daylight,Private property,No control,unknown,0,0,0,False,False,False,Clear,,False,FOREST CREEK DR; FOREST CREEK DR ; 1 M,1/30/2020 11:51:53 AM,,
47637,18-068134,1522026000000,2018,3,26,1,0,0,Monday,544936.18255,4811345.32311,-80.444593,43.453672999999995,Non intersection,2,P.D. only,Thru lane,unknown,unknown,SMV unattended vehicle,Unknown,"Dark, artificial","08 - Dark, artificial",Municipal (excl. Twp. Rd.),No control,unknown,0,0,0,False,False,False,Clear,,False,BRECKENRIDGE DR; BRECKENRIDGE DR; Near,1/30/2020 11:51:52 AM,,
47638,18-068179,1522080000000,2018,3,26,16,0,0,Monday,541789.02071,4810797.68039,-80.483532,43.448924999999996,At intersection,2,P.D. only,Within intersection,unknown,unknown,Turning movement,Unknown,Daylight,01 - Daylight,Municipal (excl. Twp. Rd.),Stop sign,Functioning,0,0,0,False,False,False,Clear,,False,DUKE ST E; EBY ST N,1/30/2020 11:51:51 AM,,
47639,18-068426,1522163700000,2018,3,27,15,15,0,Tuesday,544184.2956,4807689.86919,-80.454182,43.420805,At/near private drive,2,P.D. only,Thru lane,unknown,unknown,SMV unattended vehicle,Unknown,Daylight,01 - Daylight,Municipal (excl. Twp. Rd.),No control,unknown,0,0,0,False,False,False,Rain,,False,TRAYNOR AVE; TRAYNOR AVE; At,1/30/2020 11:51:50 AM,,
47640,18-068542,1522171200000,2018,3,27,17,20,0,Tuesday,542141.38562,4807090.75186,-80.479463,43.415527999999995,At/near private drive,2,P.D. only,Right turn lane,unknown,unknown,Turning movement,Unknown,Daylight,01 - Daylight,Regional municipality,No control,unknown,0,0,0,False,False,False,Rain,,False,BLOCK LINE RD ; STRASBURG RD; At,1/30/2020 11:51:49 AM,,
47641,18-069361,1522140300000,2018,3,27,8,45,0,Tuesday,542469.00991,4807218.17445,-80.47540699999999,43.416657,At/near private drive,2,P.D. only,Thru lane,unknown,unknown,Turning movement,Unknown,Daylight,01 - Daylight,Municipal (excl. Twp. Rd.),No control,unknown,0,0,0,False,False,False,Rain,,False,COUNTRY HILL DR; COUNTRY HILL DR,1/30/2020 11:51:48 AM,,
47642,18-070016,1522325520000,2018,3,29,12,12,0,Thursday,545099.56172,4807759.39494,-80.44287,43.421375999999995,At/near private drive,2,P.D. only,Thru lane,unknown,unknown,Turning movement,Unknown,Daylight,01 - Daylight,Municipal (excl. Twp. Rd.),No control,unknown,0,0,0,False,False,False,Rain,,False,WILSON AVE; WILSON AVE ; At; 1 M,1/30/2020 11:51:47 AM,,
47643,18-070017,1522325700000,2018,3,29,12,15,0,Thursday,540736.71528,4811136.40383,-80.496512,43.452033,Other,2,P.D. only,Thru lane,unknown,unknown,Rear end,Unknown,Daylight,01 - Daylight,Municipal (excl. Twp. Rd.),No control,unknown,0,0,0,False,False,False,Rain,,False,FRANCIS ST S; KING ST W; 32 M,1/30/2020 11:51:47 AM,,
47644,18-070277,1522340400000,2018,3,29,16,20,0,Thursday,541229.68027,4810750.07091,-80.490448,43.448527,At intersection,2,P.D. only,Within intersection,unknown,unknown,Turning movement,Unknown,Daylight,01 - Daylight,Municipal (excl. Twp. Rd.),Stop sign,Functioning,0,0,0,False,False,False,Rain,,False,QUEEN ST S; CHURCH ST,1/30/2020 11:51:46 AM,,
47645,18-071499,1520420400000,2018,3,7,11,0,0,Wednesday,541068.0,4811108.0,0.0,0.0,At/near private drive,2,P.D. only,Thru lane,unknown,unknown,Angle,Unknown,Daylight,01 - Daylight,Municipal (excl. Twp. Rd.),No control,unknown,0,0,0,False,False,False,Clear,,False,CAROLINE; CAROLINE; At; 10 M,1/30/2020 11:51:45 AM,,
47646,18-071540,1522315800000,2018,3,29,9,30,0,Thursday,541613.10843,4810899.51209,-80.485698,43.449850999999995,Non intersection,2,P.D. only,Thru lane,unknown,unknown,Turning movement,Unknown,Daylight,01 - Daylight,Municipal (excl. Twp. Rd.),No control,unknown,0,0,0,False,False,False,"Fog, mist, smoke, dust",,False,DUKE ST E; SCOTT ST; Near,1/30/2020 11:51:43 AM,,
47647,18-072551,1522614060000,2018,4,1,20,21,0,Sunday,542406.29375,4806614.35341,-80.47622799999999,43.411223,Intersection related,2,P.D. only,Thru lane,unknown,unknown,Rear end,Unknown,Dark,07 - Dark,Municipal (excl. Twp. Rd.),Stop sign,Functioning,0,0,0,False,False,False,Clear,,False,STRASBURG RD; OLD COUNTRY DR; Near; 20 M,1/30/2020 11:51:43 AM,,
47648,18-072816,1522657200000,2018,4,2,8,20,0,Monday,541257.79658,4812529.43,-80.489966,43.464546999999996,At intersection,2,P.D. only,Within intersection,unknown,unknown,Angle,Unknown,Daylight,01 - Daylight,Municipal (excl. Twp. Rd.),Stop sign,Functioning,0,0,0,False,False,False,Clear,,False,ST LEGER ST; GUELPH ST,1/30/2020 11:51:42 AM,,
47649,18-072841,1520591400000,2018,3,9,10,30,0,Friday,541068.0,4811108.0,0.0,0.0,Non intersection,2,Non-reportable,Thru lane,unknown,unknown,SMV unattended vehicle,Unknown,Daylight,01 - Daylight,Municipal (excl. Twp. Rd.),No control,unknown,0,0,0,False,False,False,Snow,,False,VALLEYSCAPE DR; VALLEYSCAPE DR; Near,1/30/2020 11:51:41 AM,,
47650,18-072937,1522576800000,2018,4,1,10,0,0,Sunday,545757.69922,4803930.81299,-80.43506,43.386863999999996,At/near private drive,2,P.D. only,Thru lane,unknown,unknown,SMV unattended vehicle,Unknown,Daylight,01 - Daylight,Municipal (excl. Twp. Rd.),No control,unknown,0,0,0,False,False,False,Clear,,False,APPLE RIDGE DR; APPLE RIDGE DR,1/30/2020 11:51:40 AM,,
47651,18-073068,1522630800000,2018,4,2,1,0,0,Monday,541068.0,4811108.0,0.0,0.0,Non intersection,2,P.D. only,Thru lane,unknown,unknown,SMV unattended vehicle,Unknown,"Dark, artificial","08 - Dark, artificial",Municipal (excl. Twp. Rd.),No control,unknown,0,0,0,False,False,False,Clear,,False,NETHERWOOD RD; NETHERWOOD RD; At,1/30/2020 11:51:39 AM,,
47652,18-074683,1522851060000,2018,4,4,14,11,0,Wednesday,543073.81458,4812800.98034,-80.467496,43.46689,Intersection related,1,Non-fatal injury,Off highway,unknown,unknown,SMV other,Unknown,Daylight,01 - Daylight,Municipal (excl. Twp. Rd.),Traffic signal,Functioning,0,0,0,False,False,False,Clear,,False,WELLINGTON ST N; RIVERBEND DR,1/30/2020 11:51:38 AM,,
47653,18-074839,1522848600000,2018,4,4,13,30,0,Wednesday,541068.0,4811108.0,0.0,0.0,At/near private drive,2,P.D. only,Right shoulder,unknown,unknown,SMV unattended vehicle,Unknown,Daylight,01 - Daylight,Municipal (excl. Twp. Rd.),No control,unknown,0,0,0,False,False,False,Strong wind,,False,WORDSWORTH PL; WORDSWORTH PL ; At,1/30/2020 11:51:37 AM,,
47654,18-074925,1522860000000,2018,4,4,16,40,0,Wednesday,542629.6088,4803998.75314,-80.473674,43.38766,At intersection,1,Non-fatal injury,Within intersection,unknown,unknown,Turning movement,Unknown,Daylight,01 - Daylight,Municipal (excl. Twp. Rd.),Stop sign,Functioning,0,0,0,False,False,False,Clear,,False,HURON RD; CRANSHAW ST,1/30/2020 11:51:36 AM,,
47655,18-075563,1522942440000,2018,4,5,15,34,0,Thursday,543799.88647,4805041.78583,-80.459142,43.396983999999996,Non intersection,2,P.D. only,Thru lane,unknown,unknown,SMV other,Unknown,Daylight,01 - Daylight,Municipal (excl. Twp. Rd.),No control,unknown,0,0,0,False,False,False,Clear,,False,OLD HURON RD; BATTLER RD ; 250 M,1/30/2020 11:51:35 AM,,
47656,18-075617,1522947120000,2018,4,5,16,52,0,Thursday,543074.85646,4812800.83276,-80.467483,43.466888,Intersection related,2,P.D. only,Thru lane,unknown,unknown,Rear end,Unknown,Daylight,01 - Daylight,Municipal (excl. Twp. Rd.),Traffic signal,Functioning,0,0,0,False,False,False,Clear,,False,RIVERBEND DR; WELLINGTON ST N; Near; 75 M,1/30/2020 11:51:34 AM,,
47657,18-075619,1522947240000,2018,4,5,16,54,0,Thursday,544463.23172,4810706.39187,-80.45049,43.447949,At/near private drive,2,P.D. only,Thru lane,unknown,unknown,Turning movement,Unknown,Daylight,01 - Daylight,Municipal (excl. Twp. Rd.),No control,unknown,0,0,0,False,False,False,Clear,,False,FRANKLIN ST N; FRANKLIN ST N; 5 M,1/30/2020 11:51:33 AM,,
47658,18-075629,1522948260000,2018,4,5,17,11,0,Thursday,541117.299,4813863.78109,-80.491602,43.476569,Non intersection,2,P.D. only,Not on roadway - right side,unknown,unknown,SMV other,Unknown,Daylight,01 - Daylight,Municipal (excl. Twp. Rd.),No control,unknown,0,0,0,False,False,False,Clear,,False,LANG CRES; SPRINGDALE DR; Near; 15 M,1/30/2020 11:51:32 AM,,
47659,18-076043,1523001420000,2018,4,6,7,57,0,Friday,539870.03381,4810633.83107,-80.50726,43.447554,At intersection,2,P.D. only,Within intersection,unknown,unknown,Angle,Unknown,Daylight,01 - Daylight,Municipal (excl. Twp. Rd.),Stop sign,Functioning,0,0,0,False,False,False,Snow,,False,CHERRY ST; STRANGE ST,1/30/2020 11:51:31 AM,,
47660,18-076059,1523002200000,2018,4,6,8,10,0,Friday,543247.21312,4804517.69431,-80.466008,43.392297,Intersection related,2,P.D. only,Thru lane,unknown,unknown,SMV other,Unknown,Daylight,01 - Daylight,Municipal (excl. Twp. Rd.),Yield sign,Functioning,0,0,0,False,False,False,Snow,,False,HURON RD ; STRASBURG RD ; Near; 20 M,1/30/2020 11:51:30 AM,,
47661,18-076085,1523002800000,2018,4,6,8,20,0,Friday,542626.7091,4804000.65316,-80.47371,43.387677,Intersection related,2,P.D. only,Not on roadway - left side,unknown,unknown,SMV other,Unknown,Daylight,01 - Daylight,Regional municipality,Stop sign,Functioning,0,0,0,False,False,False,Snow,,False,HURON RD; CRANSHAW ST; 18 M,1/30/2020 11:51:29 AM,,
47662,18-076128,1523004240000,2018,4,6,8,44,0,Friday,541916.62717,4811618.072,-80.481892,43.456303999999996,Intersection related,1,Non-fatal injury,Thru lane,unknown,unknown,Rear end,Unknown,Daylight,01 - Daylight,Municipal (excl. Twp. Rd.),Stop sign,Functioning,0,0,0,False,False,False,Snow,,False,LANCASTER ST E; MANSION ST ; Near; 5 M,1/30/2020 11:51:28 AM,,
47663,18-076197,1523006400000,2018,4,6,9,20,0,Friday,540569.76852,4812712.65764,-80.498458,43.466234,Intersection related,2,P.D. only,Not on roadway - right side,unknown,unknown,SMV other,Stop sign,Daylight,01 - Daylight,Municipal (excl. Twp. Rd.),Yield sign,Functioning,0,0,0,False,False,False,Snow,,False,MARGARET AVE S; UNION ST E; At; 10 M,1/30/2020 11:51:28 AM,,
47664,18-076209,1523007600000,2018,4,6,9,40,0,Friday,541726.65989,4810509.54645,-80.484325,43.446334,Non intersection,2,P.D. only,Right shoulder,unknown,unknown,SMV other,Unknown,Daylight,01 - Daylight,Municipal (excl. Twp. Rd.),No control,unknown,0,0,0,False,False,False,Snow,,False,CEDAR ST S; CEDAR ST S; Near; 8 M,1/30/2020 11:51:27 AM,,
47665,18-076238,1523006400000,2018,4,6,9,20,0,Friday,541945.94337,4810961.16092,-80.48158,43.450388,Non intersection,2,P.D. only,Thru lane,unknown,unknown,Rear end,Unknown,Daylight,01 - Daylight,unknown,Stop sign,Functioning,0,0,0,False,False,False,Snow,,False,LANCASTER ST E; BRUBACHER ST ; Near,2/19/2019 2:08:42 PM,,
47666,18-076248,1523010000000,2018,4,6,10,20,0,Friday,541633.78333,4811413.68283,-80.485404,43.45448,At intersection,2,P.D. only,Within intersection,unknown,unknown,Rear end,Unknown,Daylight,01 - Daylight,Municipal (excl. Twp. Rd.),Traffic signal,Functioning,0,0,0,False,False,False,Snow,,False,QUEEN ST N; MARGARET AVE,1/30/2020 11:51:25 AM,,
47667,18-076261,1523004000000,2018,4,6,8,40,0,Friday,543067.98376,4807435.27903,-80.467991,43.418577,Intersection related,2,P.D. only,Thru lane,unknown,unknown,Rear end,Unknown,Daylight,01 - Daylight,Regional municipality,Yield sign,Functioning,0,0,0,False,False,False,Snow,,False,BLOCK LINE RD; FALLOWFIELD DR,1/30/2020 11:51:24 AM,,
47668,18-076324,1523005800000,2018,4,6,9,10,0,Friday,542812.90939,4808127.21017,-80.471088,43.424822,Intersection related,2,P.D. only,Thru lane,unknown,unknown,Turning movement,Stop sign,Daylight,01 - Daylight,Municipal (excl. Twp. Rd.),Stop sign,Functioning,0,0,0,False,False,False,Snow,,False,HAYWARD AVE; HANSON AVE; At,1/30/2020 11:51:23 AM,,
47669,18-076352,1523019720000,2018,4,6,13,2,0,Friday,543405.88552,4812190.19337,-80.463439,43.461371,At/near private drive,1,Non-fatal injury,Thru lane,unknown,unknown,Turning movement,Unknown,Daylight,01 - Daylight,Regional municipality,No control,unknown,0,0,0,False,False,False,Snow,,False,FREDERICK ST; FREDERICK ST ; At; 3 M,1/30/2020 11:51:22 AM,,
47670,18-076356,1523001600000,2018,4,6,8,0,0,Friday,537234.31233,4806789.35002,-80.540095,43.413073999999995,Non intersection,2,P.D. only,Thru lane,unknown,unknown,SMV unattended vehicle,Unknown,Daylight,01 - Daylight,Municipal (excl. Twp. Rd.),No control,unknown,0,0,0,False,False,False,Snow,,False,YELLOW BIRCH DR; DRIFTWOOD DR; Near; 50 M,1/30/2020 11:51:21 AM,,
47671,18-076413,1523004000000,2018,4,6,8,40,0,Friday,541916.05393,4811616.72993,-80.481899,43.456292,Non intersection,2,P.D. only,Thru lane,unknown,unknown,Rear end,Unknown,Daylight,01 - Daylight,unknown,No control,unknown,0,0,0,False,False,False,Snow,,False,LANCASTER ST E; MANSION ST; Near,2/19/2019 2:08:41 PM,,
47672,18-076454,1523028060000,2018,4,6,15,21,0,Friday,544760.6756,4811448.41432,-80.446754,43.454612,Intersection related,2,P.D. only,Thru lane,unknown,unknown,Other,Unknown,Daylight,01 - Daylight,Municipal (excl. Twp. Rd.),Traffic signal,Functioning,0,0,0,False,False,False,Clear,,False,HICKSON DR; RIVER RD E,1/30/2020 11:51:21 AM,,
47673,18-076475,1523001600000,2018,4,6,8,0,0,Friday,543570.57339,4804971.48799,-80.461979,43.396364,Intersection related,1,Non-fatal injury,Thru lane,unknown,unknown,Rear end,Unknown,Daylight,01 - Daylight,Regional municipality,Traffic signal,Functioning,0,0,0,False,False,False,Snow,,False,HURON RD; BATTLER RD,1/30/2020 11:51:20 AM,,
47674,18-076495,1523024400000,2018,4,6,14,20,0,Friday,542942.4696,4811341.08267,-80.469234,43.453752,Intersection related,2,Non-reportable,Thru lane,unknown,unknown,Rear end,Unknown,Daylight,01 - Daylight,Municipal (excl. Twp. Rd.),Stop sign,Functioning,0,0,0,False,False,False,Clear,,False,KRUG ST; DUMFRIES AVE; Near; 15 M,1/30/2020 11:51:19 AM,,
47675,18-076560,1523035260000,2018,4,6,17,21,0,Friday,543073.88906,4812801.7845,-80.467495,43.466896999999996,Non intersection,2,P.D. only,Thru lane,unknown,unknown,Rear end,Unknown,Daylight,01 - Daylight,Regional municipality,No control,unknown,0,0,0,False,False,False,Snow,,False,WELLINGTON ST N; RIVERBEND DR ; Near; 2 M,1/30/2020 11:51:17 AM,,
47676,18-076591,1523004600000,2018,4,6,8,50,0,Friday,540570.26214,4812710.50525,-80.498452,43.466215,Intersection related,2,Non-reportable,Thru lane,unknown,unknown,Rear end,Stop sign,Daylight,01 - Daylight,Municipal (excl. Twp. Rd.),Yield sign,Functioning,0,0,0,False,False,False,Snow,,False,MARGARET AVE; UNION ST; At,1/30/2020 11:51:17 AM,,
47677,18-076624,1523033100000,2018,4,6,16,45,0,Friday,540340.16376,4811080.49541,-80.50141699999999,43.451550999999995,At/near private drive,2,P.D. only,Thru lane,unknown,unknown,Turning movement,Unknown,Daylight,01 - Daylight,Municipal (excl. Twp. Rd.),No control,unknown,0,0,0,False,False,False,Clear,,False,JOSEPH ST; JOSEPH ST ; At,1/30/2020 11:51:16 AM,,
47678,18-076803,1523055180000,2018,4,6,22,53,0,Friday,544976.6775,4807893.11901,-80.444377,43.422587,At/near private drive,2,P.D. only,Thru lane,unknown,unknown,Rear end,Unknown,"Dusk, artificial","06 - Dusk, artificial",Municipal (excl. Twp. Rd.),Other,Functioning,0,0,0,False,False,False,Snow,,False,WILSON AVE; WILSON AVE ; 0 M,1/30/2020 11:51:15 AM,,
47679,18-076983,1523085300000,2018,4,7,7,15,0,Saturday,539686.96916,4811407.75322,-80.509466,43.454532,Intersection related,2,P.D. only,Not on roadway - left side,unknown,unknown,SMV other,Unknown,Daylight,01 - Daylight,Municipal (excl. Twp. Rd.),Traffic signal,Functioning,0,0,0,False,False,False,Clear,,False,GLASGOW ST ; GRUHN ST ; 25 M,1/30/2020 11:51:14 AM,,
47680,18-077120,1523091600000,2018,4,7,9,0,0,Saturday,540570.74567,4812710.0292,-80.498446,43.466211,Non intersection,2,P.D. only,Not on roadway - right side,unknown,unknown,SMV other,Unknown,Daylight,01 - Daylight,Municipal (excl. Twp. Rd.),No control,unknown,0,0,0,False,False,False,Strong wind,,False,MARGARET AVE ; UNION ST E; At; 3 M,1/30/2020 11:51:13 AM,,
47681,18-078604,1523186100000,2018,4,8,11,15,0,Sunday,540788.97366,4809066.67203,-80.496021,43.433394,At/near private drive,2,P.D. only,Thru lane,unknown,unknown,Other,Unknown,Daylight,01 - Daylight,Regional municipality,No control,unknown,0,0,0,False,False,False,Clear,,False,STIRLING AVE S; STIRLING AVE S,1/30/2020 11:51:12 AM,,
47682,18-078894,1523291400000,2018,4,9,16,30,0,Monday,536913.33185,4808268.03104,-80.54396,43.426404,At/near private drive,2,P.D. only,Thru lane,unknown,unknown,SMV unattended vehicle,Unknown,Daylight,01 - Daylight,Municipal (excl. Twp. Rd.),No control,unknown,0,0,0,False,False,False,Clear,,False,BANKSIDE DR; BANKSIDE DR; At,1/30/2020 11:51:11 AM,,
47683,18-079316,1523286600000,2018,4,9,15,10,0,Monday,545456.05263,4804567.18472,-80.438732,43.392612,Non intersection,2,P.D. only,Thru lane,unknown,unknown,Turning movement,Unknown,Daylight,01 - Daylight,Municipal (excl. Twp. Rd.),No control,unknown,0,0,0,False,False,False,Clear,,False,BECHTEL DR; BECHTEL DR,1/30/2020 11:51:10 AM,,
47684,18-079370,1523355840000,2018,4,10,10,24,0,Tuesday,546109.84653,4804415.93657,-80.430672,43.39121,Non intersection,2,P.D. only,Thru lane,unknown,unknown,SMV unattended vehicle,Unknown,Dark,07 - Dark,Municipal (excl. Twp. Rd.),No control,unknown,0,0,0,False,False,False,Clear,,False,OLD CARRIAGE DR; OLD CARRIAGE DR ; Near; 22 M,1/30/2020 11:51:09 AM,,