OBJECTID,ACCIDENTNUM,ACCIDENTDATE,ACCIDENT_YEAR,ACCIDENT_MONTH,ACCIDENT_DAY,ACCIDENT_HOUR,ACCIDENT_MINUTE,ACCIDENT_SECOND,ACCIDENT_WEEKDAY,XCOORD,YCOORD,LONGITUDE,LATITUDE,ACCIDENTLOCATION,COLLISIONTYPE,CLASSIFICATIONOFACCIDENT,IMPACTLOCATION,INITIALDIRECTIONOFTRAVELONE,INITIALDIRECTIONOFTRAVELTWO,INITIALIMPACTTYPE,INTTRAFFICCONTROL,LIGHT,LIGHTFORREPORT,ROADJURISDICTION,TRAFFICCONTROL,TRAFFICCONTROLCONDITION,THRULANENO,NORTHBOUNDDISOBEYCOUNT,SOUTHBOUNDDISOBEYCOUNT,PEDESTRIANINVOLVED,CYCLISTINVOLVED,MOTORCYCLISTINVOLVED,ENVIRONMENTCONDITION1,ENVIRONMENTCONDITION2,SELFREPORTED,XMLIMPORTNOTES,LASTEDITEDDATE,CREATE_BY,CREATE_DATE
48021,18-171769,1532673600000,2018,7,27,6,40,0,Friday,544775.24382,4808996.87464,-80.446775,43.432538,At/near private drive,1,Non-fatal injury,Thru lane,unknown,unknown,Angle,Unknown,Daylight,01 - Daylight,Municipal (excl. Twp. Rd.),No control,unknown,0,0,0,False,False,False,Clear,,False,NINTH AVE ; KINGSWAY DR ; At,1/30/2020 11:45:54 AM,,
48022,18-172166,1532720700000,2018,7,27,19,45,0,Friday,544744.07359,4811439.45903,-80.44695899999999,43.454533,Other,2,P.D. only,Thru lane,unknown,unknown,Rear end,Unknown,Daylight,01 - Daylight,Regional municipality,Ped. crossover,Functioning,0,0,0,False,False,False,Clear,,False,RIVER RD E; HICKSON DR; Near,1/30/2020 11:45:53 AM,,
48023,18-172527,1532766660000,2018,7,28,8,31,0,Saturday,538898.51911,4811469.16441,-80.519207,43.455127,At intersection,2,P.D. only,Within intersection,unknown,unknown,Sideswipe,Unknown,Daylight,01 - Daylight,Regional municipality,Traffic signal,Functioning,0,0,0,False,False,False,Clear,,False,UNION BLVD; BELMONT AVE W,1/30/2020 11:45:52 AM,,
48024,18-172837,1532795340000,2018,7,28,16,29,0,Saturday,542334.3931,4810753.67192,-80.476795,43.448498,Non intersection,1,Non-fatal injury,Not on roadway - left side,unknown,unknown,SMV other,Unknown,Daylight,01 - Daylight,Municipal (excl. Twp. Rd.),No control,unknown,0,0,0,False,False,False,Clear,,False,CAMERON ST N; TROY ST ; Near; 46 M,1/30/2020 11:45:51 AM,,
48025,18-173212,1532825580000,2018,7,29,0,53,0,Sunday,543232.52647,4804484.34638,-80.46619199999999,43.391996999999996,At intersection,2,P.D. only,Within intersection,unknown,unknown,SMV other,Unknown,Dark,07 - Dark,Regional municipality,Yield sign,Functioning,0,0,0,False,False,False,Clear,,False,HURON RD; STRASBURG RD,1/30/2020 11:45:50 AM,,
48026,18-174101,1532939460000,2018,7,30,8,31,0,Monday,540683.7996,4811615.27438,-80.49713,43.456347,At intersection,2,P.D. only,Within intersection,unknown,unknown,Angle,Unknown,Daylight,01 - Daylight,Municipal (excl. Twp. Rd.),Stop sign,Functioning,0,0,0,False,False,False,Clear,,False,DUKE ST W; WELLINGTON ST N,1/30/2020 11:45:49 AM,,
48027,18-174253,1532953380000,2018,7,30,12,23,0,Monday,537208.74323,4807453.64532,-80.54036599999999,43.419056,Non intersection,2,P.D. only,Thru lane,unknown,unknown,Approaching,Unknown,Daylight,01 - Daylight,Municipal (excl. Twp. Rd.),No control,unknown,0,0,0,False,False,False,Clear,,False,BROKEN OAK CRES; BROKEN OAK CRES ; Near; 5 M,1/30/2020 11:45:48 AM,,
48028,18-174342,1532959680000,2018,7,30,14,8,0,Monday,541186.42299,4810972.22442,-80.490966,43.45053,At/near private drive,2,P.D. only,Not on roadway - left side,unknown,unknown,SMV other,Unknown,Daylight,01 - Daylight,Municipal (excl. Twp. Rd.),No control,unknown,0,0,0,False,False,False,Clear,,False,KING ST W; KING ST W; 10 M,1/30/2020 11:45:47 AM,,
48029,18-175186,1533040200000,2018,7,31,12,30,0,Tuesday,542504.08103,4815770.75597,-80.474307,43.493662,Intersection related,2,P.D. only,Not on roadway - right side,unknown,unknown,SMV other,Unknown,Daylight,01 - Daylight,Municipal (excl. Twp. Rd.),Stop sign,Functioning,0,0,0,False,False,False,Clear,,False,OLD COTTAGE PL; OLD COTTAGE CLOSE; Near; 20 M,1/30/2020 11:45:46 AM,,
48030,18-175500,1533071700000,2018,7,31,21,15,0,Tuesday,540297.0713,4809412.75859,-80.502073,43.436537,Non intersection,2,P.D. only,Not on roadway - left side,unknown,unknown,SMV other,Unknown,Dark,07 - Dark,Municipal (excl. Twp. Rd.),No control,unknown,0,0,0,False,False,False,Clear,,False,SOUTH DR; SOUTH DR ; At; 0 M,1/30/2020 11:45:45 AM,,
48031,18-175950,1533022200000,2018,7,31,7,30,0,Tuesday,538043.95573,4809814.81203,-80.529884,43.440275,At/near private drive,2,P.D. only,Thru lane,unknown,unknown,SMV unattended vehicle,Unknown,Daylight,01 - Daylight,Municipal (excl. Twp. Rd.),No control,unknown,0,0,0,False,False,False,Clear,,False,INGLESIDE DR; INGLESIDE DR,1/30/2020 11:45:44 AM,,
48032,18-176670,1533200880000,2018,8,2,9,8,0,Thursday,545407.88458,4808366.35426,-80.439011,43.426822,At/near private drive,2,P.D. only,Thru lane,unknown,unknown,Turning movement,Unknown,Daylight,01 - Daylight,Municipal (excl. Twp. Rd.),No control,unknown,0,0,0,False,False,False,Clear,,False,CEDARWOODS CRES; CEDARWOODS CRES ; At; 5 M,1/30/2020 11:45:43 AM,,
48033,18-177166,1533238200000,2018,8,2,19,30,0,Thursday,540342.79277,4812003.63035,-80.501316,43.459863,At/near private drive,2,P.D. only,Right shoulder,unknown,unknown,SMV unattended vehicle,Unknown,"Daylight, artificial","02 - Daylight, artificial",Municipal (excl. Twp. Rd.),No control,unknown,0,0,0,False,False,False,Clear,,False,DUKE ST W; DUKE ST W; Near; 2 M,1/30/2020 11:45:42 AM,,
48034,18-177600,1533289200000,2018,8,3,9,40,0,Friday,540670.48878,4807992.03446,-80.497565,43.423724,Non intersection,1,Non-fatal injury,Not on roadway - left side,unknown,unknown,SMV other,Unknown,Daylight,01 - Daylight,Regional municipality,No control,unknown,0,0,0,False,False,False,Clear,,False,CHANDLER DRIVE; CHANDLER DR ; At; 10 M,1/30/2020 11:45:42 AM,,
48035,18-177609,1532851200000,2018,7,29,8,0,0,Sunday,544628.01291,4804593.69948,-80.448953,43.392900000000004,At/near private drive,2,P.D. only,Thru lane,unknown,unknown,SMV unattended vehicle,Unknown,Daylight,01 - Daylight,Municipal (excl. Twp. Rd.),No control,unknown,0,0,0,False,False,False,Clear,,False,NATHANIEL CRES; NATHANIEL CRES; At; 0 M,1/30/2020 11:45:41 AM,,
48036,18-177769,1533301200000,2018,8,3,13,0,0,Friday,543568.20113,4804975.65695,-80.462008,43.396401999999995,At intersection,1,Non-fatal injury,Within intersection,unknown,unknown,Turning movement,Unknown,Daylight,01 - Daylight,Regional municipality,Traffic signal,Functioning,0,0,0,False,True,False,Clear,,False,BATTLER RD; HURON RD,1/30/2020 11:45:40 AM,,
48037,18-178506,1533376800000,2018,8,4,10,0,0,Saturday,543043.24599,4809759.06192,-80.468114,43.439502,At intersection,2,P.D. only,Within intersection,unknown,unknown,Angle,Unknown,Daylight,01 - Daylight,Municipal (excl. Twp. Rd.),Stop sign,Functioning,0,0,0,False,False,False,Clear,,False,PRESTON ST; CHARLES ST E,1/30/2020 11:45:38 AM,,
48038,18-178545,1533379680000,2018,8,4,10,48,0,Saturday,540228.55516,4810747.2504,-80.502821,43.448555999999996,At/near private drive,2,P.D. only,Left turn lane,unknown,unknown,Other,Unknown,Daylight,01 - Daylight,unknown,No control,unknown,0,0,0,False,False,False,Clear,,False,PARK ST; VICTORIA ST S; Near; 20 M,2/19/2019 2:08:26 PM,,
48039,18-179132,1533430980000,2018,8,5,1,3,0,Sunday,547446.28143,4809648.2582,-80.41371699999999,43.438238,Non intersection,2,P.D. only,Left shoulder,unknown,unknown,SMV unattended vehicle,Unknown,Dark,07 - Dark,Municipal (excl. Twp. Rd.),No control,unknown,0,0,0,False,False,False,Clear,,False,SIMS ESTATE DR; SIMS ESTATE DR ; 0 M,1/30/2020 11:45:36 AM,,
48040,18-179403,1533412800000,2018,8,4,20,0,0,Saturday,544856.2658,4811508.80432,-80.445567,43.455149999999996,Non intersection,2,P.D. only,Thru lane,unknown,unknown,SMV unattended vehicle,Unknown,Daylight,01 - Daylight,Municipal (excl. Twp. Rd.),No control,unknown,0,0,0,False,False,False,Clear,,False,BRECKENRIDGE DR; BRECKENRIDGE DR ; Near,1/30/2020 11:45:35 AM,,
48041,18-179405,1533472200000,2018,8,5,12,30,0,Sunday,540720.11023,4806038.4858,-80.497097,43.406132,Non intersection,2,P.D. only,Thru lane,unknown,unknown,SMV unattended vehicle,Unknown,Dark,07 - Dark,Municipal (excl. Twp. Rd.),No control,unknown,0,0,0,False,False,False,Clear,,False,RIDGEWAY CRES; RIDGEWAY CRES ; 6 M,1/30/2020 11:45:34 AM,,
48042,18-179435,1533475620000,2018,8,5,13,27,0,Sunday,542338.02247,4810324.95152,-80.476784,43.444638,At/near private drive,2,P.D. only,Thru lane,unknown,unknown,Other,Unknown,Daylight,01 - Daylight,Municipal (excl. Twp. Rd.),No control,unknown,0,0,0,False,False,False,Clear,,False,STIRLING AVE N; STIRLING AVE N; 4 M,1/30/2020 11:45:33 AM,,
48043,18-180745,1533284100000,2018,8,3,8,15,0,Friday,540986.98557,4805725.09034,-80.493825,43.403295,At/near private drive,2,P.D. only,Thru lane,unknown,unknown,SMV unattended vehicle,Unknown,Daylight,01 - Daylight,Municipal (excl. Twp. Rd.),No control,unknown,0,0,0,False,False,False,Clear,,False,TAMVALE CRES; TAMVALE CRES,1/30/2020 11:45:32 AM,,
48044,18-180913,1533644760000,2018,8,7,12,26,0,Tuesday,539445.4878,4806050.03208,-80.512838,43.406304,At intersection,2,P.D. only,Within intersection,unknown,unknown,Turning movement,Unknown,Daylight,01 - Daylight,Municipal (excl. Twp. Rd.),Stop sign,Functioning,0,0,0,False,False,False,Clear,,False,ACTIVA AVE; MAX BECKER DR,1/30/2020 11:45:31 AM,,
48045,18-181894,1533741300000,2018,8,8,15,15,0,Wednesday,542314.65533,4810288.03979,-80.477076,43.444306,Intersection related,1,Non-fatal injury,Thru lane,unknown,unknown,Rear end,Unknown,Daylight,01 - Daylight,Regional municipality,Traffic signal,Functioning,0,0,0,False,False,False,Clear,,False,KING ST E; STIRLING AVE N,1/30/2020 11:45:30 AM,,
48046,18-182153,1533767520000,2018,8,8,22,32,0,Wednesday,545312.82939,4808196.52878,-80.44019899999999,43.425298999999995,Intersection related,2,P.D. only,Thru lane,unknown,unknown,Rear end,Unknown,"Dark, artificial","08 - Dark, artificial",Municipal (excl. Twp. Rd.),Ped. crossover,Functioning,0,0,0,False,False,False,Clear,,False,KINGSWAY DR; KINGSWAY DR ; At; 6 M,1/30/2020 11:45:29 AM,,
48047,18-182684,1533585600000,2018,8,6,20,0,0,Monday,541068.0,4811108.0,0.0,0.0,At/near private drive,2,P.D. only,Off highway,unknown,unknown,SMV unattended vehicle,Unknown,"Dark, artificial","08 - Dark, artificial",Municipal (excl. Twp. Rd.),No control,unknown,0,0,0,False,False,False,Clear,,False,SHADY GLEN CRES; SHADY GLEN CRES,1/30/2020 11:45:28 AM,,
48048,18-182929,1533850980000,2018,8,9,21,43,0,Thursday,543531.42395,4804932.74309,-80.46246599999999,43.396017,At/near private drive,2,P.D. only,Thru lane,unknown,unknown,Turning movement,Unknown,"Dark, artificial","08 - Dark, artificial",Regional municipality,No control,unknown,0,0,0,False,False,False,Clear,,False,HURON RD ; BATTLER RD; Near; 40 M,1/30/2020 11:45:27 AM,,
48049,18-184024,1533943200000,2018,8,10,23,20,0,Friday,546075.83232,4804434.15336,-80.43109,43.391376,Non intersection,2,P.D. only,Thru lane,unknown,unknown,Rear end,Unknown,Dark,07 - Dark,Regional municipality,No control,unknown,0,0,0,False,False,False,Clear,,False,OLD CARRIAGE DR; OLD CARRIAGE DR,1/30/2020 11:45:26 AM,,
48050,18-184919,1534008600000,2018,8,11,17,30,0,Saturday,542508.68697,4810635.05926,-80.474651,43.44742,Non intersection,2,P.D. only,Thru lane,unknown,unknown,SMV unattended vehicle,Unknown,Daylight,01 - Daylight,Municipal (excl. Twp. Rd.),No control,unknown,0,0,0,False,False,False,Clear,,False,STIRLING AVE N; SAMUEL ST,1/30/2020 11:45:25 AM,,
48051,18-186083,1534069800000,2018,8,12,10,30,0,Sunday,539109.18036,4811299.80255,-80.516615,43.453590999999996,At/near private drive,2,P.D. only,Thru lane,unknown,unknown,SMV unattended vehicle,Unknown,Daylight,01 - Daylight,Municipal (excl. Twp. Rd.),No control,unknown,0,0,0,False,False,False,Clear,,False,EDEN AVE ; WOOD ST ; Near; 5 M,1/30/2020 11:45:24 AM,,
48052,18-186628,1534245300000,2018,8,14,11,15,0,Tuesday,544239.30719,4809071.58647,-80.45339,43.433242,At/near private drive,2,P.D. only,Thru lane,unknown,unknown,SMV unattended vehicle,Unknown,Daylight,01 - Daylight,Municipal (excl. Twp. Rd.),No control,unknown,0,0,0,False,False,False,Clear,,False,FOURTH AVE; FOURTH AVE; At; 0 M,1/30/2020 11:45:23 AM,,
48053,18-186769,1534265400000,2018,8,14,16,50,0,Tuesday,540717.89942,4809861.20434,-80.496839,43.440552,At/near private drive,2,P.D. only,Thru lane,unknown,unknown,Rear end,Unknown,Daylight,01 - Daylight,Municipal (excl. Twp. Rd.),No control,unknown,0,0,0,False,False,False,Clear,,False,HIGHLAND RD E; HIGHLAND RD E; At; 5 M,1/30/2020 11:45:22 AM,,
48054,18-186781,1534266360000,2018,8,14,17,6,0,Tuesday,545497.52677,4803417.95305,-80.438315,43.382262,Non intersection,2,P.D. only,Thru lane,unknown,unknown,SMV unattended vehicle,Unknown,Daylight,01 - Daylight,Municipal (excl. Twp. Rd.),No control,unknown,0,0,0,False,False,False,Clear,,False,RIDGEMERE CRT; RIDGEMERE CRT ; 2 M,1/30/2020 11:45:21 AM,,
48055,18-186905,1534271400000,2018,8,14,18,30,0,Tuesday,545409.07426,4810966.59994,-80.43878,43.450235,Non intersection,2,P.D. only,Thru lane,unknown,unknown,SMV unattended vehicle,Unknown,Daylight,01 - Daylight,Municipal (excl. Twp. Rd.),No control,unknown,0,0,0,False,False,False,Clear,,False,OLD CHICOPEE DR; OLD CHICOPEE DR,1/30/2020 11:45:20 AM,,
48056,18-187187,1534318260000,2018,8,15,7,31,0,Wednesday,541068.0,4811108.0,0.0,0.0,At intersection,1,Non-fatal injury,Within intersection,unknown,unknown,Angle,Unknown,Daylight,01 - Daylight,Municipal (excl. Twp. Rd.),Stop sign,Functioning,0,0,0,False,True,False,Clear,,False,AHRENS ST W; WILHELM ST,1/30/2020 11:45:19 AM,,
48057,18-187247,1534323900000,2018,8,15,9,5,0,Wednesday,541556.3391,4811279.58453,-80.48637099999999,43.453277,Intersection related,2,P.D. only,Thru lane,unknown,unknown,Rear end,Unknown,Daylight,01 - Daylight,Municipal (excl. Twp. Rd.),Stop sign,Functioning,0,0,0,False,False,False,Clear,,False,QUEEN ST N; AHRENS ST E; At,1/30/2020 11:45:18 AM,,
48058,18-187559,1534347600000,2018,8,15,15,40,0,Wednesday,543971.86817,4808381.02984,-80.45675,43.42704,Non intersection,2,P.D. only,Thru lane,unknown,unknown,SMV unattended vehicle,Unknown,Dark,07 - Dark,Municipal (excl. Twp. Rd.),No control,unknown,0,0,0,False,False,False,Clear,,False,CLARK AVE; CLARK AVE ; At; 1 M,1/30/2020 11:45:17 AM,,
48059,18-187672,1534345200000,2018,8,15,15,0,0,Wednesday,541520.20703,4810518.87948,-80.486875,43.446428999999995,At/near private drive,2,P.D. only,Thru lane,unknown,unknown,SMV unattended vehicle,Unknown,Daylight,01 - Daylight,Municipal (excl. Twp. Rd.),No control,unknown,0,0,0,False,False,False,Clear,,False,CHURCH ST ; CHURCH ST ; Near; 10 M,1/30/2020 11:45:16 AM,,
48060,18-187704,1534358880000,2018,8,15,18,48,0,Wednesday,540830.03498,4805934.89493,-80.495747,43.405193,Non intersection,2,P.D. only,Thru lane,unknown,unknown,SMV unattended vehicle,Unknown,Daylight,01 - Daylight,Municipal (excl. Twp. Rd.),No control,unknown,0,0,0,False,False,False,Clear,,False,ERINBROOK DR; ERINBROOK DR ; 2 M,1/30/2020 11:45:15 AM,,
48061,18-187733,1534352400000,2018,8,15,17,0,0,Wednesday,541904.78745,4810551.39463,-80.48212,43.446701,Intersection related,2,P.D. only,Thru lane,unknown,unknown,Rear end,Unknown,Daylight,01 - Daylight,Regional municipality,Stop sign,Functioning,0,0,0,False,False,False,Clear,,False,KING ST E; MADISON AVE N; At,1/30/2020 11:45:14 AM,,
48062,18-188337,1534426980000,2018,8,16,13,43,0,Thursday,545277.00007,4806433.55879,-80.440788,43.409428,At intersection,1,Non-fatal injury,Within intersection,unknown,unknown,Angle,Stop sign,Daylight,01 - Daylight,Municipal (excl. Twp. Rd.),Stop sign,Functioning,0,0,0,False,False,False,Clear,,False,WILSON AVE; WABANAKI DR,1/30/2020 11:45:13 AM,,
48063,18-188405,1534432680000,2018,8,16,15,18,0,Thursday,545103.02701,4807724.86611,-80.44283,43.421065,At/near private drive,2,P.D. only,Thru lane,unknown,unknown,Turning movement,Unknown,Daylight,01 - Daylight,Municipal (excl. Twp. Rd.),No control,unknown,0,0,0,False,False,False,Clear,,False,WILSON AVE ; FAIRWAY RD S; At; 5 M,1/30/2020 11:45:12 AM,,
48064,18-188429,1534434900000,2018,8,16,15,55,0,Thursday,545011.53484,4810924.03692,-80.443696,43.449875999999996,At/near private drive,2,P.D. only,Thru lane,unknown,unknown,Turning movement,Unknown,Daylight,01 - Daylight,unknown,No control,unknown,0,0,0,False,False,False,Rain,,False,RIVER RD E; OTTAWA ST N; 30 M,2/19/2019 2:08:25 PM,,
48065,18-188963,1534240620000,2018,8,14,9,57,0,Tuesday,539132.80015,4810999.24018,-80.516345,43.450883,Non intersection,2,P.D. only,Thru lane,unknown,unknown,Sideswipe,Unknown,Daylight,01 - Daylight,Municipal (excl. Twp. Rd.),No control,unknown,0,0,0,False,False,False,Clear,,False,BELMONT AVE W; BELMONT AVE W; Near,1/30/2020 11:45:11 AM,,
48066,18-189021,1534497900000,2018,8,17,9,25,0,Friday,541223.42034,4811867.4909,-80.49044099999999,43.458588999999996,Intersection related,2,P.D. only,Thru lane,unknown,unknown,Rear end,Unknown,Daylight,01 - Daylight,Municipal (excl. Twp. Rd.),Traffic signal,Functioning,0,0,0,False,False,False,Clear,,False,WELLINGTON ST N; MARGARET AVE,1/30/2020 11:45:10 AM,,
48067,18-189924,1534582800000,2018,8,18,9,0,0,Saturday,539318.74958,4805907.17175,-80.51441299999999,43.405024,Non intersection,2,P.D. only,Thru lane,unknown,unknown,SMV unattended vehicle,Unknown,Daylight,01 - Daylight,Municipal (excl. Twp. Rd.),No control,unknown,0,0,0,False,False,False,Clear,,False,MOUNTAIN LAUREL CRES; MOUNTAIN LAUREL CRES,1/30/2020 11:45:09 AM,,
48068,18-190081,1534595400000,2018,8,18,12,30,0,Saturday,545165.95762,4810925.60626,-80.441788,43.449881,Non intersection,2,P.D. only,Thru lane,unknown,unknown,SMV unattended vehicle,Unknown,Daylight,01 - Daylight,Municipal (excl. Twp. Rd.),No control,unknown,0,0,0,False,False,False,Clear,,False,HOLBORN CRT; HOLBORN CRT ; Near,1/30/2020 11:45:08 AM,,
48069,18-190139,1534610520000,2018,8,18,16,42,0,Saturday,549194.51826,4806304.82178,-80.392417,43.408021999999995,Non intersection,1,Non-fatal injury,Thru lane,unknown,unknown,Turning movement,Unknown,Daylight,01 - Daylight,Municipal (excl. Twp. Rd.),No control,unknown,0,0,0,False,False,False,Clear,,False,GATEWAY PARK DR; GATEWAY PARK DR ; At; 5 M,1/30/2020 11:45:07 AM,,
48070,18-190866,1534685460000,2018,8,19,13,31,0,Sunday,545978.48886,4805451.0491,-80.43220699999999,43.400538,At intersection,2,P.D. only,Within intersection,unknown,unknown,Turning movement,Unknown,Daylight,01 - Daylight,Municipal (excl. Twp. Rd.),Stop sign,Functioning,0,0,0,False,False,False,Clear,,False,MILL PARK DR ; GREEN VALLEY DR ; 1.5 M,1/30/2020 11:45:06 AM,,
48071,18-190902,1534689000000,2018,8,19,14,30,0,Sunday,544430.22095,4808446.14469,-80.451082,43.427600000000005,Non intersection,2,P.D. only,Right shoulder,unknown,unknown,SMV unattended vehicle,Unknown,Daylight,01 - Daylight,Municipal (excl. Twp. Rd.),No control,unknown,0,0,0,False,False,False,Clear,,False,EIGHTH AVE; GREENFIELD AVE; At; 20 M,1/30/2020 11:45:05 AM,,
48072,18-191060,1534704840000,2018,8,19,18,54,0,Sunday,547170.76593,4809647.73397,-80.41712199999999,43.438251,At intersection,1,Non-fatal injury,Within intersection,unknown,unknown,Turning movement,Unknown,Daylight,01 - Daylight,Municipal (excl. Twp. Rd.),Stop sign,Functioning,0,0,0,False,False,False,Clear,,False,SIMS ESTATE DR; DESMOND ST,1/30/2020 11:45:04 AM,,
48073,18-191631,1534675800000,2018,8,19,10,50,0,Sunday,542624.21187,4810599.74594,-80.473226,43.447095999999995,At/near private drive,2,P.D. only,Thru lane,unknown,unknown,SMV unattended vehicle,Unknown,Daylight,01 - Daylight,Municipal (excl. Twp. Rd.),No control,unknown,0,0,0,False,False,False,Clear,,False,SIMEON ST; SIMEON ST ; Near,1/30/2020 11:45:03 AM,,
48074,18-191640,1534773960000,2018,8,20,14,6,0,Monday,541872.82007,4810743.30064,-80.482501,43.448429999999995,At intersection,2,P.D. only,Within intersection,unknown,unknown,Angle,Unknown,Daylight,01 - Daylight,Municipal (excl. Twp. Rd.),Stop sign,Functioning,0,0,0,False,False,False,Clear,,False,DUKE ST E; CEDAR ST N,1/30/2020 11:45:02 AM,,
48075,18-191762,1534013400000,2018,8,11,18,50,0,Saturday,543206.56228,4811716.70417,-80.465941,43.457119,Non intersection,2,Non-reportable,Thru lane,unknown,unknown,SMV unattended vehicle,Unknown,Daylight,01 - Daylight,Municipal (excl. Twp. Rd.),No control,unknown,0,0,0,False,False,False,Clear,,False,BRUCE ST; BRUCE ST ; At,1/30/2020 11:45:01 AM,,
48076,18-191785,1534669200000,2018,8,19,9,0,0,Sunday,539176.80725,4810268.78206,-80.51585299999999,43.444303999999995,At/near private drive,2,P.D. only,Thru lane,unknown,unknown,SMV unattended vehicle,Unknown,Daylight,01 - Daylight,Municipal (excl. Twp. Rd.),No control,unknown,0,0,0,False,False,False,Clear,,False,KARN ST; KARN ST ; At,1/30/2020 11:45:00 AM,,
48077,18-192131,1534831860000,2018,8,21,6,11,0,Tuesday,539112.83013,4811654.24294,-80.516545,43.456782,At intersection,1,Non-fatal injury,Within intersection,unknown,unknown,Angle,Unknown,Daylight,01 - Daylight,Municipal (excl. Twp. Rd.),Traffic signal,Functioning,0,1,0,False,False,False,Rain,,False,PARK ST; UNION BLVD,1/30/2020 11:44:59 AM,,
48078,18-192397,1534860540000,2018,8,21,14,9,0,Tuesday,544541.72672,4807591.08766,-80.44977399999999,43.419894,At/near private drive,2,P.D. only,Thru lane,unknown,unknown,Rear end,Unknown,Daylight,01 - Daylight,Municipal (excl. Twp. Rd.),No control,unknown,0,0,0,False,False,False,Rain,,False,WABANAKI DR; WABANAKI DR ; Near; 10 M,1/30/2020 11:44:59 AM,,
48079,18-192450,1534532400000,2018,8,17,19,0,0,Friday,540586.06204,4810081.89107,-80.498452,43.442546,Non intersection,2,P.D. only,Thru lane,unknown,unknown,SMV unattended vehicle,Unknown,Daylight,01 - Daylight,Municipal (excl. Twp. Rd.),No control,unknown,0,0,0,False,False,False,Clear,,False,HOMEWOOD AVE; HOMEWOOD AVE ; Near,1/30/2020 11:44:58 AM,,
48080,18-192477,1534865400000,2018,8,21,15,30,0,Tuesday,549249.71539,4806063.15079,-80.391757,43.405842,Non intersection,2,P.D. only,Thru lane,unknown,unknown,Rear end,Unknown,Daylight,01 - Daylight,Regional municipality,Traffic signal,Functioning,0,0,0,False,False,False,Clear,,False,KING ST E;  KING ST ; Near,1/30/2020 11:44:57 AM,,
48081,18-192590,1534875720000,2018,8,21,18,22,0,Tuesday,543568.18257,4804978.5339,-80.462008,43.396428,At intersection,2,P.D. only,Within intersection,unknown,unknown,Angle,Unknown,Daylight,01 - Daylight,Regional municipality,Traffic signal,Functioning,0,0,1,False,False,False,Clear,,False,BATTLER RD; HURON RD,1/30/2020 11:44:56 AM,,
48082,18-192966,1534926180000,2018,8,22,8,23,0,Wednesday,543922.06524,4805130.15228,-80.457627,43.397771999999996,Intersection related,1,Non-fatal injury,Thru lane,unknown,unknown,Turning movement,Unknown,Daylight,01 - Daylight,Municipal (excl. Twp. Rd.),Yield sign,Functioning,0,0,0,False,False,False,Rain,,False,HURON RD ; OLD HURON RD ; 30 M,1/30/2020 11:44:55 AM,,
48083,18-193070,1534766400000,2018,8,20,12,0,0,Monday,541563.69713,4810761.70276,-80.486319,43.448612999999995,Non intersection,2,P.D. only,Off highway,unknown,unknown,SMV unattended vehicle,Unknown,Daylight,01 - Daylight,Regional municipality,No control,unknown,0,0,0,False,False,False,Clear,,False,KING ST E; SCOTT ST; Near; 20 M,1/30/2020 11:44:54 AM,,
48084,18-193165,1534942860000,2018,8,22,13,1,0,Wednesday,540706.60604,4812613.26718,-80.496774,43.465332,Non intersection,1,Non-fatal injury,Thru lane,unknown,unknown,SMV other,Unknown,Daylight,01 - Daylight,unknown,No control,unknown,0,0,0,True,False,False,Rain,,False,MARGARET AVE; MARGARET AVE ; 30 M,2/19/2019 2:08:24 PM,,
48085,18-193426,1534965780000,2018,8,22,19,23,0,Wednesday,544035.58962,4804262.90745,-80.456295,43.389956999999995,Intersection related,2,P.D. only,Thru lane,unknown,unknown,Turning movement,Unknown,Daylight,01 - Daylight,Municipal (excl. Twp. Rd.),No control,unknown,0,0,0,False,False,False,Clear,,False,BIEHN DR; MITTON PL ; At,1/30/2020 11:44:53 AM,,
48086,18-193835,1534939200000,2018,8,22,12,0,0,Wednesday,543054.71207,4804366.84526,-80.468397,43.39095,Non intersection,2,P.D. only,Thru lane,unknown,unknown,Sideswipe,Unknown,Daylight,01 - Daylight,Municipal (excl. Twp. Rd.),No control,unknown,0,0,0,False,False,False,Clear,,False,STRASBURG RD; HURON RD; Near; 200 M,1/30/2020 11:44:52 AM,,
48087,18-193893,1535027040000,2018,8,23,12,24,0,Thursday,541068.0,4811108.0,0.0,0.0,Non intersection,2,P.D. only,Thru lane,unknown,unknown,SMV unattended vehicle,Unknown,Daylight,01 - Daylight,Municipal (excl. Twp. Rd.),No control,unknown,0,0,0,False,False,False,Clear,,False,LUDOLPH ST ; WEST OAK TRAIL ; 30 M,1/30/2020 11:44:51 AM,,