OBJECTID,ACCIDENTNUM,ACCIDENTDATE,ACCIDENT_YEAR,ACCIDENT_MONTH,ACCIDENT_DAY,ACCIDENT_HOUR,ACCIDENT_MINUTE,ACCIDENT_SECOND,ACCIDENT_WEEKDAY,XCOORD,YCOORD,LONGITUDE,LATITUDE,ACCIDENTLOCATION,COLLISIONTYPE,CLASSIFICATIONOFACCIDENT,IMPACTLOCATION,INITIALDIRECTIONOFTRAVELONE,INITIALDIRECTIONOFTRAVELTWO,INITIALIMPACTTYPE,INTTRAFFICCONTROL,LIGHT,LIGHTFORREPORT,ROADJURISDICTION,TRAFFICCONTROL,TRAFFICCONTROLCONDITION,THRULANENO,NORTHBOUNDDISOBEYCOUNT,SOUTHBOUNDDISOBEYCOUNT,PEDESTRIANINVOLVED,CYCLISTINVOLVED,MOTORCYCLISTINVOLVED,ENVIRONMENTCONDITION1,ENVIRONMENTCONDITION2,SELFREPORTED,XMLIMPORTNOTES,LASTEDITEDDATE,CREATE_BY,CREATE_DATE
48088,18-194140,1535044920000,2018,8,23,17,22,0,Thursday,540427.67065,4809612.87954,-80.500444,43.438331999999996,At/near private drive,2,P.D. only,Left turn lane,unknown,unknown,Turning movement,Unknown,Daylight,01 - Daylight,Municipal (excl. Twp. Rd.),No control,unknown,0,0,0,False,False,False,Clear,,False,QUEENS BLVD; QUEENS BLVD ; Near; 20 M,1/30/2020 11:44:50 AM,,
48089,18-194190,1534869600000,2018,8,21,16,40,0,Tuesday,541342.51984,4810661.90304,-80.48906,43.447727,Intersection related,2,P.D. only,Thru lane,unknown,unknown,Angle,Unknown,Daylight,01 - Daylight,Municipal (excl. Twp. Rd.),Stop sign,Functioning,0,0,0,False,False,False,Clear,,False,CHURCH ST; BENTON ST,1/30/2020 11:44:49 AM,,
48090,18-194215,1535043600000,2018,8,23,17,0,0,Thursday,540093.86782,4806663.30763,-80.504785,43.411791,Non intersection,2,P.D. only,Thru lane,unknown,unknown,SMV unattended vehicle,Unknown,Daylight,01 - Daylight,Regional municipality,No control,unknown,0,0,0,False,False,False,Clear,,False,DINISON CRES; DINISON CRES,1/30/2020 11:44:48 AM,,
48091,18-194516,1535059800000,2018,8,23,21,30,0,Thursday,539819.57972,4807840.70006,-80.508087,43.422407,Non intersection,2,P.D. only,Thru lane,unknown,unknown,SMV unattended vehicle,Unknown,"Dark, artificial","08 - Dark, artificial",Municipal (excl. Twp. Rd.),No control,unknown,0,0,0,False,False,False,Clear,,False,SWEETBRIAR DR; DUNCAIRN AVE ; Near,1/30/2020 11:44:47 AM,,
48092,18-195445,1535185800000,2018,8,25,8,30,0,Saturday,539058.89558,4805939.11365,-80.51762,43.405325,At/near private drive,2,P.D. only,Thru lane,unknown,unknown,Other,Unknown,Daylight,01 - Daylight,Municipal (excl. Twp. Rd.),No control,unknown,0,0,0,False,False,False,Clear,,False,ACTIVA AVE; ACTIVA AVE,1/30/2020 11:44:46 AM,,
48093,18-195952,1535238000000,2018,8,25,23,0,0,Saturday,544234.97525,4808804.23874,-80.453465,43.430834999999995,At intersection,2,P.D. only,Within intersection,unknown,unknown,Approaching,Unknown,Dark,07 - Dark,Municipal (excl. Twp. Rd.),Stop sign,Functioning,0,0,0,False,False,False,Rain,,False,FIFTH AVE; CONNAUGHT ST,1/30/2020 11:44:45 AM,,
48094,18-195960,1535242260000,2018,8,26,0,11,0,Sunday,544559.78519,4811738.77872,-80.449213,43.457239,Intersection related,2,P.D. only,Thru lane,unknown,unknown,Rear end,Unknown,Dark,07 - Dark,Municipal (excl. Twp. Rd.),Traffic signal,Functioning,0,0,0,False,False,False,Rain,,False,LORRAINE AVE; RIVER RD E; At,1/30/2020 11:44:44 AM,,
48095,18-195965,1535241720000,2018,8,26,0,2,0,Sunday,544933.67567,4803053.66944,-80.445306,43.379014999999995,Non intersection,1,Non-fatal injury,Thru lane,unknown,unknown,Approaching,Unknown,Daylight,01 - Daylight,Municipal (excl. Twp. Rd.),No control,unknown,0,0,0,False,False,False,Clear,,False,EVENS POND CRES; EVENS POND CRES ; At; 0 M,1/30/2020 11:44:43 AM,,
48096,18-196141,1535184000000,2018,8,25,8,0,0,Saturday,543240.99726,4811481.70961,-80.46553399999999,43.455000999999996,Non intersection,2,P.D. only,Thru lane,unknown,unknown,SMV unattended vehicle,Unknown,Daylight,01 - Daylight,Municipal (excl. Twp. Rd.),No control,unknown,0,0,0,False,False,False,Clear,,False,KRUG ST; KRUG ST; Near,1/30/2020 11:44:42 AM,,
48097,18-196260,1535204700000,2018,8,25,13,45,0,Saturday,542164.55089,4810383.14239,-80.478923,43.445170999999995,Intersection related,2,P.D. only,Thru lane,unknown,unknown,Rear end,Unknown,Daylight,01 - Daylight,Regional municipality,Stop sign,Functioning,0,0,0,False,False,False,Clear,,False,KING ST E; PANDORA AVE N; At,1/30/2020 11:44:41 AM,,
48098,18-197234,1535155200000,2018,8,25,0,0,0,Saturday,541723.06114,4808784.08175,-80.484501,43.430797999999996,At/near private drive,2,P.D. only,Right shoulder,unknown,unknown,SMV unattended vehicle,Unknown,Dark,07 - Dark,Municipal (excl. Twp. Rd.),No control,unknown,0,0,0,False,False,False,Clear,,False,KEHL ST ; KEHL ST,1/30/2020 11:44:40 AM,,
48099,18-197272,1535365800000,2018,8,27,10,30,0,Monday,542396.14116,4810717.6191,-80.476035,43.44817,At/near private drive,2,P.D. only,Right shoulder,unknown,unknown,Other,Unknown,Daylight,01 - Daylight,Municipal (excl. Twp. Rd.),No control,unknown,0,0,0,False,False,False,Clear,,False,PANDORA AVE N; PANDORA AVE N,1/30/2020 11:44:39 AM,,
48100,18-197670,1535403300000,2018,8,27,20,55,0,Monday,544978.8562,4810993.76623,-80.44409399999999,43.450506,At/near private drive,1,Non-fatal injury,Off highway,unknown,unknown,SMV other,Unknown,"Dark, artificial","08 - Dark, artificial",unknown,Traffic signal,Functioning,0,0,0,True,False,False,Clear,,False,RIVER RD E; OTTAWA ST N; At; 0 M,2/19/2019 2:08:22 PM,,
48101,18-197712,1535445900000,2018,8,28,8,45,0,Tuesday,543177.48536,4804476.55509,-80.466872,43.391929999999995,Non intersection,2,P.D. only,Thru lane,unknown,unknown,Sideswipe,Unknown,Daylight,01 - Daylight,Regional municipality,No control,unknown,0,0,0,False,False,False,Clear,,False,HURON RD; STRASBURG RD; Near,1/30/2020 11:44:38 AM,,
48102,18-197852,1535462100000,2018,8,28,13,15,0,Tuesday,539079.58455,4811109.0905,-80.516995,43.451875,At intersection,2,P.D. only,Within intersection,unknown,unknown,Angle,Unknown,Daylight,01 - Daylight,Municipal (excl. Twp. Rd.),Traffic signal,Functioning,0,0,0,False,False,False,Clear,,False,BELMONT AVE W; GLASGOW ST; 5 M,1/30/2020 11:44:37 AM,,
48103,18-197985,1535389980000,2018,8,27,17,13,0,Monday,541193.06902,4811939.75726,-80.490811,43.459241,Non intersection,2,P.D. only,Thru lane,unknown,unknown,Rear end,Unknown,Daylight,01 - Daylight,Municipal (excl. Twp. Rd.),No control,unknown,0,0,0,False,False,False,Clear,,False,MARGARET AVE; MARGARET AVE ; Near,1/30/2020 11:44:36 AM,,
48104,18-198045,1535389500000,2018,8,27,17,5,0,Monday,545276.99364,4806434.51757,-80.440788,43.409436,At intersection,2,P.D. only,Right turn lane,unknown,unknown,Turning movement,Stop sign,Daylight,01 - Daylight,Municipal (excl. Twp. Rd.),Yield sign,Functioning,0,0,0,False,False,False,Clear,,False,WILSON AVE; WABANAKI DR,1/30/2020 11:44:35 AM,,
48105,18-198072,1535464800000,2018,8,28,14,0,0,Tuesday,543130.97479,4811428.55879,-80.466898,43.454529,At intersection,2,P.D. only,Within intersection,unknown,unknown,Turning movement,Unknown,Daylight,01 - Daylight,Municipal (excl. Twp. Rd.),Stop sign,Functioning,0,0,0,False,False,False,Clear,,False,KRUG ST; BECKER ST,1/30/2020 11:44:34 AM,,
48106,18-198789,1535472000000,2018,8,28,16,0,0,Tuesday,542092.70957,4810438.54807,-80.479807,43.445674,Non intersection,2,P.D. only,Thru lane,unknown,unknown,SMV unattended vehicle,Unknown,Daylight,01 - Daylight,Municipal (excl. Twp. Rd.),No control,unknown,0,0,0,False,False,False,Clear,,False,BETZNER; BETZNER AVE N; Near,1/30/2020 11:44:33 AM,,
48107,18-198848,1535544000000,2018,8,29,12,0,0,Wednesday,540590.50643,4810002.8886,-80.498403,43.441834,At/near private drive,2,P.D. only,Thru lane,unknown,unknown,SMV unattended vehicle,Unknown,Daylight,01 - Daylight,Municipal (excl. Twp. Rd.),No control,unknown,0,0,0,False,False,False,Clear,,False,BROCK ST; BROCK ST ; Near,1/30/2020 11:44:32 AM,,
48108,18-199120,1535559300000,2018,8,29,16,15,0,Wednesday,536897.94116,4808763.37189,-80.544117,43.430865,At intersection,2,P.D. only,Within intersection,unknown,unknown,Turning movement,Unknown,Daylight,01 - Daylight,Municipal (excl. Twp. Rd.),Stop sign,Functioning,0,0,0,False,False,False,Clear,,False,HIDDEN CREEK DR; WESTFOREST TRAIL,1/30/2020 11:44:31 AM,,
48109,18-199411,1535615280000,2018,8,30,7,48,0,Thursday,541068.0,4811108.0,0.0,0.0,Intersection related,2,P.D. only,Right shoulder,unknown,unknown,SMV unattended vehicle,Unknown,"Daylight, artificial","02 - Daylight, artificial",Municipal (excl. Twp. Rd.),Stop sign,Functioning,0,0,0,False,False,False,Clear,,False,SANDRA AVE; PATRICIA AVE; Near; 20 M,1/30/2020 11:44:30 AM,,
48110,18-199438,1535618400000,2018,8,30,8,40,0,Thursday,543073.90743,4812798.91086,-80.467495,43.466871,Intersection related,2,P.D. only,Thru lane,unknown,unknown,Rear end,Unknown,Daylight,01 - Daylight,Regional municipality,Traffic signal,Functioning,0,0,0,False,False,False,Clear,,False,SHIRLEY AVE ; RIVERBEND DR,1/30/2020 11:44:29 AM,,
48111,18-199516,1535623380000,2018,8,30,10,3,0,Thursday,542488.44469,4811127.92503,-80.474862,43.451859,At intersection,2,P.D. only,Within intersection,unknown,unknown,Angle,Unknown,Daylight,01 - Daylight,Municipal (excl. Twp. Rd.),Stop sign,Functioning,0,0,0,False,False,False,Clear,,False,KRUG ST; LYDIA ST,1/30/2020 11:44:28 AM,,
48112,18-199606,1535628240000,2018,8,30,11,24,0,Thursday,539266.54788,4808274.68421,-80.514888,43.426344,Non intersection,2,P.D. only,Thru lane,unknown,unknown,SMV other,Unknown,Daylight,01 - Daylight,Municipal (excl. Twp. Rd.),No control,unknown,0,0,0,False,False,False,Clear,,False,RIPPLEWOOD CRES; RIPPLEWOOD CRES; Near; 5 M,1/30/2020 11:44:27 AM,,
48113,18-199661,1535633040000,2018,8,30,12,44,0,Thursday,543923.49633,4805132.07959,-80.45760899999999,43.397788999999996,Intersection related,1,Non-fatal injury,Right turn channel,unknown,unknown,Rear end,Unknown,Daylight,01 - Daylight,Regional municipality,Yield sign,Functioning,0,0,0,False,False,False,Clear,,False,HURON RD; OLD HURON RD OFF TO HURON RD,1/30/2020 11:44:26 AM,,
48114,18-200523,1535719020000,2018,8,31,12,37,0,Friday,541068.0,4811108.0,0.0,0.0,Non intersection,2,P.D. only,Thru lane,unknown,unknown,Other,Unknown,Daylight,01 - Daylight,Regional municipality,No control,unknown,0,0,0,False,False,False,Clear,,False,KING ST E; EBY ST N; 20 M,1/30/2020 11:44:25 AM,,
48115,18-200615,1535726700000,2018,8,31,14,45,0,Friday,545494.50962,4812247.7553,-80.437617,43.461765,At/near private drive,1,Non-fatal injury,Thru lane,unknown,unknown,Other,Unknown,Daylight,01 - Daylight,Municipal (excl. Twp. Rd.),No control,unknown,0,0,0,False,False,False,Clear,,False,LORRAINE AVE ; LORRAINE AVE ; At; 5 M,1/30/2020 11:44:24 AM,,
48116,18-201768,1535824920000,2018,9,1,18,2,0,Saturday,541068.0,4811108.0,0.0,0.0,Non intersection,1,Non-fatal injury,Thru lane,unknown,unknown,Turning movement,Unknown,Daylight,01 - Daylight,unknown,Yield sign,Functioning,0,0,0,False,False,False,Clear,,False,BRIDGEPORT RD E; ERB ST E TO 85 S ON  ; Near; 200 M,2/19/2019 2:08:18 PM,,
48117,18-202049,1535846100000,2018,9,1,23,55,0,Saturday,543760.18336,4811262.17262,-80.45913399999999,43.452994,Intersection related,2,P.D. only,Thru lane,unknown,unknown,SMV other,Unknown,Dark,07 - Dark,Municipal (excl. Twp. Rd.),Stop sign,Functioning,0,0,0,False,False,False,Clear,,False,KENWOOD DR; DONALD ST; Near; 15 M,1/30/2020 11:44:23 AM,,
48118,18-202235,1535876880000,2018,9,2,8,28,0,Sunday,541068.0,4811108.0,0.0,0.0,Intersection related,2,P.D. only,Thru lane,unknown,unknown,SMV unattended vehicle,Unknown,Daylight,01 - Daylight,Municipal (excl. Twp. Rd.),Stop sign,Functioning,0,0,0,False,False,False,Clear,,False,WEST OAK TRAIL; BLUE OAK ST ; 50 M,1/30/2020 11:44:23 AM,,
48119,18-202304,1535799600000,2018,9,1,11,0,0,Saturday,545918.30468,4804634.01058,-80.433019,43.393184999999995,Non intersection,2,P.D. only,Thru lane,unknown,unknown,SMV unattended vehicle,Unknown,Daylight,01 - Daylight,Municipal (excl. Twp. Rd.),No control,unknown,0,0,0,False,False,False,Clear,,False,OLD CARRIAGE CRT; OLD CARRIAGE CRT,1/30/2020 11:44:21 AM,,
48120,18-202315,1535819400000,2018,9,1,16,30,0,Saturday,540698.49188,4809869.80046,-80.497079,43.44063,At intersection,2,P.D. only,Within intersection,unknown,unknown,Rear end,Unknown,Daylight,01 - Daylight,Municipal (excl. Twp. Rd.),Stop sign,Functioning,0,0,0,False,False,False,Clear,,False,HIGHLAND RD E; WINSLOW DR,1/30/2020 11:44:20 AM,,
48121,18-203140,1535835600000,2018,9,1,21,0,0,Saturday,539606.56967,4806326.56335,-80.51082799999999,43.408784999999995,Non intersection,2,P.D. only,Thru lane,unknown,unknown,SMV unattended vehicle,Unknown,"Dark, artificial","08 - Dark, artificial",Municipal (excl. Twp. Rd.),No control,unknown,0,0,0,False,False,False,Clear,,False,ACTIVA AVE; ACTIVA AVE ; Near,1/30/2020 11:44:19 AM,,
48122,18-203254,1535982540000,2018,9,3,13,49,0,Monday,538250.78781,4809879.52735,-80.527324,43.440847,Intersection related,2,P.D. only,Not on roadway - right side,unknown,unknown,SMV other,Unknown,Daylight,01 - Daylight,Municipal (excl. Twp. Rd.),Stop sign,Functioning,0,0,0,False,False,False,Clear,,False,DALEGROVE DR; HAZELGLEN DR ; At; 20 M,1/30/2020 11:44:19 AM,,
48123,18-203831,1536048000000,2018,9,4,8,0,0,Tuesday,544887.88426,4804844.70552,-80.445724,43.395145,Intersection related,2,P.D. only,Thru lane,unknown,unknown,Rear end,Unknown,Daylight,01 - Daylight,Municipal (excl. Twp. Rd.),Traffic signal,Functioning,0,0,0,False,False,False,Clear,,False,DOON VILLAGE RD; PIONEER DR ; Near; 50 M,1/30/2020 11:44:18 AM,,
48124,18-204294,1536073800000,2018,9,4,15,10,0,Tuesday,541658.17904,4812068.39512,-80.485052,43.460373999999995,Non intersection,2,P.D. only,Thru lane,unknown,unknown,Rear end,Unknown,Daylight,01 - Daylight,Municipal (excl. Twp. Rd.),No control,unknown,0,0,0,False,False,False,Clear,,False,WELLINGTON ST N; MAJOR ST; Near,1/30/2020 11:44:17 AM,,
48125,18-204353,1535893200000,2018,9,2,13,0,0,Sunday,541419.03591,4812093.42604,-80.488006,43.460612,Non intersection,2,P.D. only,Thru lane,unknown,unknown,SMV unattended vehicle,Unknown,Daylight,01 - Daylight,Municipal (excl. Twp. Rd.),No control,unknown,0,0,0,False,False,False,Clear,,False,LOUISA ST; LOUISA ST,1/30/2020 11:44:16 AM,,
48126,18-205370,1536167100000,2018,9,5,17,5,0,Wednesday,541068.0,4811108.0,0.0,0.0,Intersection related,2,P.D. only,Thru lane,unknown,unknown,Rear end,Unknown,Daylight,01 - Daylight,Municipal (excl. Twp. Rd.),Stop sign,Functioning,0,0,0,False,False,False,Clear,,False,KRUG ST; DUMFRIES AVE,1/30/2020 11:44:15 AM,,
48127,18-205479,1536143400000,2018,9,5,10,30,0,Wednesday,541640.81141,4807887.61729,-80.485586,43.422731,Non intersection,2,P.D. only,Thru lane,unknown,unknown,SMV unattended vehicle,Unknown,Daylight,01 - Daylight,Municipal (excl. Twp. Rd.),No control,unknown,0,0,0,False,False,False,Clear,,False,ROBERTSON CRES; ROBERTSON CRES,1/30/2020 11:44:14 AM,,
48128,18-206048,1536171300000,2018,9,5,18,15,0,Wednesday,538810.94811,4807713.84984,-80.520556,43.421318,At/near private drive,2,P.D. only,Thru lane,unknown,unknown,Other,Unknown,Daylight,01 - Daylight,Municipal (excl. Twp. Rd.),No control,unknown,0,0,0,False,False,False,Clear,,False,FOREST GLEN CRES; FOREST GLEN CRT; At,1/30/2020 11:44:13 AM,,
48129,18-206088,1536222600000,2018,9,6,8,30,0,Thursday,541788.31341,4804158.84355,-80.484049,43.389148,Non intersection,2,Non-reportable,Thru lane,unknown,unknown,SMV unattended vehicle,Unknown,Daylight,01 - Daylight,Municipal (excl. Twp. Rd.),Traffic controller,unknown,0,0,0,False,False,False,Clear,,False,PARKVALE DR; PARKVALE CRT,1/30/2020 11:44:12 AM,,
48130,18-206951,1536315120000,2018,9,7,10,12,0,Friday,540750.72313,4811165.35261,-80.496336,43.452293,Non intersection,2,P.D. only,Right shoulder,unknown,unknown,Sideswipe,Unknown,Daylight,01 - Daylight,unknown,No control,unknown,0,0,0,False,False,False,Clear,,False,FRANCIS ST N; KING ST W; 24 M,2/19/2019 2:08:16 PM,,
48131,18-207225,1536324900000,2018,9,7,12,55,0,Friday,542626.49264,4808160.11273,-80.473388,43.425129,At/near private drive,1,Non-fatal injury,Thru lane,unknown,unknown,Rear end,Unknown,Daylight,01 - Daylight,Municipal (excl. Twp. Rd.),No control,unknown,0,0,0,False,False,False,Clear,,False,HANSON AVE; HANSON AVE; 10 M,1/30/2020 11:44:11 AM,,
48132,18-207515,1536343800000,2018,9,7,18,10,0,Friday,544882.07153,4804850.42116,-80.44579499999999,43.395196999999996,At intersection,2,P.D. only,Within intersection,unknown,unknown,Rear end,Unknown,Daylight,01 - Daylight,Municipal (excl. Twp. Rd.),Traffic signal,Functioning,0,0,0,False,False,False,Clear,,False,DOON VILLAGE RD; PIONEER DR,1/30/2020 11:44:10 AM,,
48133,18-207992,1536400980000,2018,9,8,10,3,0,Saturday,545289.07051,4803405.36341,-80.44089,43.382160999999996,Non intersection,2,P.D. only,Thru lane,unknown,unknown,Approaching,Unknown,Daylight,01 - Daylight,Municipal (excl. Twp. Rd.),No control,unknown,0,0,0,False,False,False,Clear,,False,FOREST CREEK DR; APPLERIDGE; 100 M,1/30/2020 11:44:09 AM,,
48134,18-208151,1536415020000,2018,9,8,13,57,0,Saturday,542662.09944,4810077.82608,-80.472798,43.442394,Intersection related,1,Non-fatal injury,Thru lane,unknown,unknown,Rear end,Unknown,Daylight,01 - Daylight,Regional municipality,No control,unknown,0,0,0,False,False,False,Clear,,False,KING ST E; ONWARD AVE ; Near; 20 M,1/30/2020 11:44:08 AM,,
48135,18-208516,1536446280000,2018,9,8,22,38,0,Saturday,542194.22127,4807026.84732,-80.478816,43.414949,At/near private drive,2,P.D. only,Thru lane,unknown,unknown,Rear end,Unknown,Dark,07 - Dark,Municipal (excl. Twp. Rd.),Traffic signal,Functioning,0,0,0,False,False,False,Clear,,False,BLOCK LINE RD ; 700 STRASBURG RD ; Near; 150 M,1/30/2020 11:44:07 AM,,
48136,18-208582,1536450600000,2018,9,8,23,50,0,Saturday,541068.0,4811108.0,0.0,0.0,Non intersection,2,P.D. only,Not on roadway - left side,unknown,unknown,SMV other,Unknown,"Daylight, artificial","02 - Daylight, artificial",Municipal (excl. Twp. Rd.),No control,unknown,0,0,0,False,False,False,Clear,,False,THE COUNTRY WAY; THE COUNTRY WAY ; At; 3 M,1/30/2020 11:44:06 AM,,
48137,18-209362,1536556920000,2018,9,10,5,22,0,Monday,542783.28571,4804147.74797,-80.47176499999999,43.388991999999995,At intersection,2,P.D. only,Within intersection,unknown,unknown,Turning movement,Unknown,"Daylight, artificial","02 - Daylight, artificial",unknown,Stop sign,Functioning,0,0,0,False,False,False,Rain,,False,HURON RD ; PARKVALE DR,2/19/2019 2:08:14 PM,,
48138,18-209484,1536571440000,2018,9,10,9,24,0,Monday,545049.25549,4810838.30432,-80.443237,43.449101999999996,At intersection,2,P.D. only,Within intersection,unknown,unknown,Turning movement,Unknown,Daylight,01 - Daylight,Municipal (excl. Twp. Rd.),Traffic signal,Functioning,0,0,0,False,False,False,Rain,,False,HOLBORN DR; RIVER RD E,1/30/2020 11:44:05 AM,,
48139,18-209542,1536576600000,2018,9,10,10,50,0,Monday,541068.0,4811108.0,0.0,0.0,At intersection,2,P.D. only,Within intersection,unknown,unknown,Turning movement,Unknown,Daylight,01 - Daylight,Municipal (excl. Twp. Rd.),Stop sign,Functioning,0,0,0,False,False,False,Rain,,False,CHARLES ST E; SYDNEY ST S,1/30/2020 11:44:04 AM,,
48140,18-209742,1536593880000,2018,9,10,15,38,0,Monday,545521.50883,4803693.84431,-80.437996,43.384744,Non intersection,2,P.D. only,Thru lane,unknown,unknown,SMV unattended vehicle,Unknown,Daylight,01 - Daylight,Municipal (excl. Twp. Rd.),No control,unknown,0,0,0,False,False,False,Rain,,False,WOODFIELD ST; WOODFIELD ST ; At; 5 M,1/30/2020 11:44:03 AM,,
48141,18-209824,1536600240000,2018,9,10,17,24,0,Monday,540375.77752,4812111.60839,-80.5009,43.460833,At/near private drive,2,P.D. only,Thru lane,unknown,unknown,SMV unattended vehicle,Unknown,Daylight,01 - Daylight,Municipal (excl. Twp. Rd.),No control,unknown,0,0,0,False,False,False,Clear,,False,GUELPH ST; GUELPH ST ; Near; 100 M,1/30/2020 11:44:02 AM,,
48142,18-209928,1536609720000,2018,9,10,20,2,0,Monday,542695.20831,4803595.83212,-80.47289599999999,43.384028,At/near private drive,2,P.D. only,Off highway,unknown,unknown,SMV other,Unknown,"Daylight, artificial","02 - Daylight, artificial",Private property,No control,unknown,0,0,0,False,False,False,Rain,,False,ROCKCLIFFE DR; ROCKCLIFFE DR ; At; 1 M,1/30/2020 11:44:01 AM,,
48143,18-210441,1536575400000,2018,9,10,10,30,0,Monday,539205.26932,4805379.72791,-80.51585299999999,43.400281,At/near private drive,2,P.D. only,Thru lane,unknown,unknown,SMV unattended vehicle,Unknown,Daylight,01 - Daylight,Municipal (excl. Twp. Rd.),No control,unknown,0,0,0,False,False,False,Rain,,False,RED CLOVER CRT; RED CLOVER CRT ; Near,1/30/2020 11:44:00 AM,,
48144,18-210682,1536683700000,2018,9,11,16,35,0,Tuesday,548115.94937,4804527.7568,-80.40589299999999,43.392091,At/near private drive,2,P.D. only,Thru lane,unknown,unknown,Turning movement,Unknown,Daylight,01 - Daylight,Municipal (excl. Twp. Rd.),Stop sign,Functioning,0,0,0,False,False,False,Clear,,False,DOON VALLEY DR; DOON VALLEY DR,1/30/2020 11:43:59 AM,,
48145,18-211050,1536738900000,2018,9,12,7,55,0,Wednesday,541138.89086,4809251.44938,-80.491683,43.435038,Non intersection,1,Non-fatal injury,Right shoulder,unknown,unknown,SMV unattended vehicle,Unknown,Daylight,01 - Daylight,Municipal (excl. Twp. Rd.),No control,unknown,0,0,0,False,False,False,Clear,,False,HIGHLAND RD E; MAUSSER AVE; Near; 100 M,1/30/2020 11:43:58 AM,,
48146,18-211561,1536696900000,2018,9,11,20,15,0,Tuesday,537278.31669,4807402.40505,-80.53950999999999,43.418592,Non intersection,2,P.D. only,Thru lane,unknown,unknown,SMV unattended vehicle,Unknown,Dark,07 - Dark,Municipal (excl. Twp. Rd.),No control,unknown,0,0,0,False,False,False,Clear,,False,DRIFTWOOD DR; DRIFTWOOD DR,1/30/2020 11:43:57 AM,,
48147,18-211698,1536700200000,2018,9,11,21,10,0,Tuesday,541485.75384,4811231.69059,-80.487247,43.45285,At/near private drive,2,P.D. only,Thru lane,unknown,unknown,SMV unattended vehicle,Unknown,"Dark, artificial","08 - Dark, artificial",Municipal (excl. Twp. Rd.),No control,unknown,0,0,0,False,False,False,Clear,,False,ROY ST; ROY ST; Near,1/30/2020 11:43:56 AM,,
48148,18-212007,1536827400000,2018,9,13,8,30,0,Thursday,541981.19777,4810677.7093,-80.481166,43.447834,At intersection,2,P.D. only,Within intersection,unknown,unknown,Angle,Unknown,Daylight,01 - Daylight,unknown,Stop sign,Functioning,0,0,1,False,False,False,Clear,,False,DUKE ST E; MADISON AVE N,2/19/2019 2:08:13 PM,,
48149,18-212282,1536777000000,2018,9,12,18,30,0,Wednesday,539498.35964,4808134.67985,-80.512034,43.425070999999996,Intersection related,2,P.D. only,Thru lane,unknown,unknown,SMV other,Unknown,Daylight,01 - Daylight,Municipal (excl. Twp. Rd.),Stop sign,Functioning,0,0,0,False,False,False,Clear,,False,GREENBROOK DR; STONYBROOK DR,1/30/2020 11:43:55 AM,,
48150,18-212930,1536915900000,2018,9,14,9,5,0,Friday,543216.34072,4804529.00578,-80.466388,43.3924,Intersection related,1,Non-fatal injury,Right turn lane,unknown,unknown,Sideswipe,Unknown,Daylight,01 - Daylight,Regional municipality,Yield sign,Functioning,0,0,0,False,False,False,Clear,,False,STRASBURG RD; HURON RD,1/30/2020 11:43:54 AM,,
48151,18-213303,1536861600000,2018,9,13,18,0,0,Thursday,540984.52165,4805734.66448,-80.493854,43.403382,At/near private drive,2,P.D. only,Thru lane,unknown,unknown,SMV unattended vehicle,Unknown,Daylight,01 - Daylight,Municipal (excl. Twp. Rd.),No control,unknown,0,0,0,False,False,False,Clear,,False,TAMVALE CRES; TAMVALE CRES,1/30/2020 11:43:53 AM,,
48152,18-213384,1536868800000,2018,9,13,20,0,0,Thursday,540097.29584,4807328.44091,-80.504694,43.41778,Non intersection,2,P.D. only,Thru lane,unknown,unknown,SMV unattended vehicle,Unknown,Dark,07 - Dark,Municipal (excl. Twp. Rd.),No control,unknown,0,0,0,False,False,False,Clear,,False,PINEDALE DR; PINEDALE DR,1/30/2020 11:43:52 AM,,
48153,18-213497,1536340500000,2018,9,7,17,15,0,Friday,544451.83657,4807214.423,-80.450915,43.416508,Non intersection,1,Non-fatal injury,Thru lane,unknown,unknown,Rear end,Unknown,Daylight,01 - Daylight,unknown,No control,unknown,0,0,0,False,False,False,Clear,,False,WEBSTER RD; MANITOU DR,2/19/2019 2:08:12 PM,,
48154,18-214240,1537022700000,2018,9,15,14,45,0,Saturday,544524.55561,4807805.16901,-80.449969,43.421822999999996,At/near private drive,2,P.D. only,Thru lane,unknown,unknown,SMV unattended vehicle,Unknown,Daylight,01 - Daylight,Municipal (excl. Twp. Rd.),No control,unknown,0,0,0,False,False,False,Clear,,False,TRAYNOR AVE; TRAYNOR AVE; At; 0 M,1/30/2020 11:43:51 AM,,
48155,18-214795,1537068540000,2018,9,16,3,29,0,Sunday,545925.3391,4805398.62327,-80.432868,43.40007,Non intersection,2,P.D. only,Thru lane,unknown,unknown,SMV unattended vehicle,Unknown,"Dark, artificial","08 - Dark, artificial",Municipal (excl. Twp. Rd.),No control,unknown,0,0,0,False,False,False,Clear,,False,GREEN VALLEY DR; GREEN VALLEY DR ; Near; 20 M,1/30/2020 11:43:51 AM,,