OBJECTID,ACCIDENTNUM,ACCIDENTDATE,ACCIDENT_YEAR,ACCIDENT_MONTH,ACCIDENT_DAY,ACCIDENT_HOUR,ACCIDENT_MINUTE,ACCIDENT_SECOND,ACCIDENT_WEEKDAY,XCOORD,YCOORD,LONGITUDE,LATITUDE,ACCIDENTLOCATION,COLLISIONTYPE,CLASSIFICATIONOFACCIDENT,IMPACTLOCATION,INITIALDIRECTIONOFTRAVELONE,INITIALDIRECTIONOFTRAVELTWO,INITIALIMPACTTYPE,INTTRAFFICCONTROL,LIGHT,LIGHTFORREPORT,ROADJURISDICTION,TRAFFICCONTROL,TRAFFICCONTROLCONDITION,THRULANENO,NORTHBOUNDDISOBEYCOUNT,SOUTHBOUNDDISOBEYCOUNT,PEDESTRIANINVOLVED,CYCLISTINVOLVED,MOTORCYCLISTINVOLVED,ENVIRONMENTCONDITION1,ENVIRONMENTCONDITION2,SELFREPORTED,XMLIMPORTNOTES,LASTEDITEDDATE,CREATE_BY,CREATE_DATE
48293,18-254389,1541139000000,2018,11,2,6,10,0,Friday,536912.97122,4808538.73045,-80.54394599999999,43.428841,At/near private drive,2,P.D. only,Thru lane,unknown,unknown,SMV unattended vehicle,Unknown,"Dark, artificial","08 - Dark, artificial",Municipal (excl. Twp. Rd.),No control,unknown,0,0,0,False,False,False,Rain,,False,HIDDEN CREEK DR; HIDDEN CREEK DR; At,1/30/2020 11:42:36 AM,,
48294,18-254444,1541084040000,2018,11,1,14,54,0,Thursday,544640.95731,4804560.34342,-80.448796,43.392599,At/near private drive,2,P.D. only,Right shoulder,unknown,unknown,Other,Unknown,Daylight,01 - Daylight,Municipal (excl. Twp. Rd.),No control,unknown,0,0,0,False,False,False,Rain,,False,NATHANIEL CRES; NATHANIEL CRES; Near,1/30/2020 11:42:35 AM,,
48295,18-254687,1541169540000,2018,11,2,14,39,0,Friday,545434.4954,4808343.04887,-80.438684,43.426611,At intersection,2,P.D. only,Within intersection,unknown,unknown,Rear end,Unknown,Daylight,01 - Daylight,unknown,Ped. crossover,Functioning,0,0,0,False,False,False,Rain,,False,KINGSWAY DR ; CEDARWOODS CRES,2/19/2019 2:06:45 PM,,
48296,18-254726,1541166300000,2018,11,2,13,45,0,Friday,539406.41963,4811272.39631,-80.51294299999999,43.453328,Non intersection,2,P.D. only,Thru lane,unknown,unknown,Sideswipe,Unknown,Daylight,01 - Daylight,Municipal (excl. Twp. Rd.),No control,unknown,0,0,0,False,False,False,Rain,,False,GLASGOW ST; YORK ST; Near,1/30/2020 11:42:34 AM,,
48297,18-254761,1541174340000,2018,11,2,15,59,0,Friday,540311.16376,4809615.86044,-80.50188399999999,43.438365,Intersection related,2,P.D. only,Thru lane,unknown,unknown,Sideswipe,Unknown,Daylight,01 - Daylight,unknown,Stop sign,Functioning,0,0,0,False,False,False,Clear,,False,QUEENS BLVD; PATRICIA AVE ; Near; 50 M,2/19/2019 2:06:43 PM,,
48298,18-254763,1541100300000,2018,11,1,19,25,0,Thursday,541578.45573,4811820.56331,-80.48605599999999,43.458147,At railway crossing,2,P.D. only,Thru lane,unknown,unknown,Other,Unknown,Dark,07 - Dark,Municipal (excl. Twp. Rd.),Traffic controller,unknown,0,0,0,False,False,False,Rain,,False,ST LEGER ST; CN RAIL,1/30/2020 11:42:34 AM,,
48299,18-254838,1541181000000,2018,11,2,17,50,0,Friday,542448.39929,4807282.75703,-80.475656,43.417238999999995,At intersection,1,Non-fatal injury,Within intersection,unknown,unknown,SMV other,Unknown,Daylight,01 - Daylight,Regional municipality,Stop sign,Functioning,0,0,0,True,False,False,Clear,,False,BLOCK LINE RD ; COUNTRY HILL DR,1/30/2020 11:42:33 AM,,
48300,18-255900,1541294460000,2018,11,4,1,21,0,Sunday,543895.1878,4811907.58207,-80.457414,43.458797999999994,Non intersection,2,P.D. only,Right shoulder,unknown,unknown,SMV unattended vehicle,Unknown,Dark,07 - Dark,unknown,Stop sign,Functioning,0,0,0,False,False,False,Clear,,False,KRUG ST ; RIVER RD E; Near; 100 M,2/19/2019 2:06:42 PM,,
48301,18-256706,1541372400000,2018,11,4,23,0,0,Sunday,539794.94951,4807569.55312,-80.508411,43.419967,Non intersection,2,P.D. only,Thru lane,unknown,unknown,SMV unattended vehicle,Unknown,"Dark, artificial","08 - Dark, artificial",Municipal (excl. Twp. Rd.),No control,unknown,0,0,0,False,False,False,Rain,,False,WINDALE CRES; WINDALE CRES; Near,1/30/2020 11:42:32 AM,,
48302,18-256892,1541424540000,2018,11,5,13,29,0,Monday,545364.92398,4811022.12003,-80.43932099999999,43.450738,At intersection,2,P.D. only,Within intersection,unknown,unknown,Angle,Unknown,Daylight,01 - Daylight,unknown,Stop sign,Functioning,0,0,0,False,False,False,Rain,,False,OLD CHICOPEE DR; HOLBORN DR,2/19/2019 2:06:40 PM,,
48303,18-256911,1541420400000,2018,11,5,12,20,0,Monday,542858.09329,4806946.93229,-80.47062199999999,43.414192,Non intersection,2,P.D. only,Thru lane,unknown,unknown,Other,Unknown,Daylight,01 - Daylight,unknown,No control,unknown,0,0,0,False,False,False,Rain,,False,COUNTRY HILL DR ; COACH HILL DR ; Near; 10 M,2/19/2019 2:06:39 PM,,
48304,18-257749,1541439900000,2018,11,5,17,45,0,Monday,536851.12167,4808267.35265,-80.54472899999999,43.426401,At intersection,2,P.D. only,Within intersection,unknown,unknown,Turning movement,Unknown,Daylight,01 - Daylight,Municipal (excl. Twp. Rd.),Stop sign,Functioning,0,0,1,False,False,False,Clear,,False,BANKSIDE DR; WESTFOREST TRAIL,1/30/2020 11:42:30 AM,,
48305,18-258058,1541537700000,2018,11,6,20,55,0,Tuesday,543045.77311,4813849.66948,-80.467759,43.476334,Non intersection,2,P.D. only,Not on roadway - left side,unknown,unknown,SMV other,Unknown,Dark,07 - Dark,unknown,No control,unknown,0,0,0,False,False,False,Rain,,False,PAIGE PL; PAIGE PL ; At; 1 M,2/19/2019 2:06:38 PM,,
48306,18-258489,1541516400000,2018,11,6,15,0,0,Tuesday,537579.33666,4808086.49231,-80.53574499999999,43.424735999999996,Non intersection,2,P.D. only,Thru lane,unknown,unknown,SMV unattended vehicle,Unknown,Daylight,01 - Daylight,Municipal (excl. Twp. Rd.),No control,unknown,0,0,0,False,False,False,Rain,,False,LANARK CRES; LANARK CRES ; Near,1/30/2020 11:42:30 AM,,
48307,18-258513,1541596500000,2018,11,7,13,15,0,Wednesday,539404.39988,4810382.64284,-80.513033,43.445316999999996,Intersection related,2,P.D. only,Off highway,unknown,unknown,SMV other,Unknown,Daylight,01 - Daylight,unknown,No control,unknown,0,0,0,False,False,False,Clear,,False,BELMONT AVE W; KARN ST ; At; 9 M,2/19/2019 2:06:36 PM,,
48308,18-258707,1541605800000,2018,11,7,15,50,0,Wednesday,539024.36423,4805658.8253,-80.518067,43.402803,At/near private drive,2,P.D. only,Thru lane,unknown,unknown,Turning movement,Unknown,Daylight,01 - Daylight,Municipal (excl. Twp. Rd.),No control,unknown,0,0,0,False,False,False,Clear,,False,ACTIVA AVE; ACTIVA AVE ; At,1/30/2020 11:42:29 AM,,
48309,18-258753,1541430000000,2018,11,5,15,0,0,Monday,540832.00797,4812602.29095,-80.495224,43.465226,Intersection related,2,P.D. only,Thru lane,unknown,unknown,SMV unattended vehicle,Unknown,Daylight,01 - Daylight,Municipal (excl. Twp. Rd.),Stop sign,Functioning,0,0,0,False,False,False,Clear,,False,FAIRFIELD AVE; WOODWARD AVE ; Near; 10 M,1/30/2020 11:42:28 AM,,
48310,18-258791,1541615400000,2018,11,7,18,30,0,Wednesday,540225.8562,4811991.90143,-80.50276199999999,43.459762999999995,At intersection,2,P.D. only,Within intersection,unknown,unknown,Turning movement,Unknown,"Dark, artificial","08 - Dark, artificial",Municipal (excl. Twp. Rd.),Stop sign,Functioning,0,0,0,False,False,False,Clear,,False,WATERLOO ST; GUELPH ST,1/30/2020 11:42:27 AM,,
48311,18-258849,1541620560000,2018,11,7,19,56,0,Wednesday,542216.10109,4812378.09292,-80.478132,43.463131,Non intersection,1,Non-fatal injury,Thru lane,unknown,unknown,SMV unattended vehicle,Unknown,"Dark, artificial","08 - Dark, artificial",Regional municipality,No control,unknown,0,0,0,False,False,False,Clear,,False,WELLINGTON ST N; WELLINGTON ST N; At; 3 M,1/30/2020 11:42:26 AM,,
48312,18-260048,1541692800000,2018,11,8,16,0,0,Thursday,541841.18298,4808906.67254,-80.483032,43.431895,At intersection,1,Non-fatal injury,Within intersection,unknown,unknown,SMV other,Unknown,Daylight,01 - Daylight,unknown,Stop sign,Functioning,0,0,1,True,False,False,Clear,,False,MEINZINGER AVE; HOFFMAN ST; 7 M,2/19/2019 2:06:35 PM,,
48313,18-260176,1541682000000,2018,11,8,13,0,0,Thursday,538312.7437,4807874.32096,-80.526699,43.422788999999995,At/near private drive,2,P.D. only,Thru lane,unknown,unknown,SMV unattended vehicle,Unknown,Daylight,01 - Daylight,Municipal (excl. Twp. Rd.),No control,unknown,0,0,0,False,False,False,Clear,,False,SILVER ASPEN CRES; SILVER ASPEN CRES; Near; 1 M,1/30/2020 11:42:25 AM,,
48314,18-260323,1541780760000,2018,11,9,16,26,0,Friday,542387.77928,4811333.30454,-80.476091,43.453714,At intersection,2,P.D. only,Within intersection,unknown,unknown,Angle,Unknown,Daylight,01 - Daylight,unknown,Stop sign,Functioning,0,0,0,False,False,False,Rain,,False,LYDIA ST; CHAPEL ST,2/19/2019 2:06:34 PM,,
48315,18-260863,1541839800000,2018,11,10,8,50,0,Saturday,543563.87973,4812257.50778,-80.46148099999999,43.461968,At intersection,1,Non-fatal injury,Within intersection,unknown,unknown,Angle,Unknown,Daylight,01 - Daylight,unknown,Traffic signal,Functioning,0,0,0,False,False,False,Snow,,False,FREDERICK ST ; RIVER RD E,2/19/2019 2:06:32 PM,,
48316,18-260874,1541841120000,2018,11,10,9,12,0,Saturday,542482.3363,4812900.22397,-80.4748,43.467817,Non intersection,2,P.D. only,Not on roadway - right side,unknown,unknown,SMV other,Unknown,Daylight,01 - Daylight,unknown,No control,unknown,0,0,0,False,False,False,Snow,,False,SPRING VALLEY RD; GUELPH ST ; Near; 25 M,2/19/2019 2:06:31 PM,,
48317,18-260877,1541841480000,2018,11,10,9,18,0,Saturday,541956.14918,4810866.36444,-80.481461,43.449534,Intersection related,2,P.D. only,Thru lane,unknown,unknown,Rear end,Unknown,Daylight,01 - Daylight,unknown,Stop sign,Functioning,0,0,0,False,False,False,Snow,,False,KRUG ST; LANCASTER ST E,2/19/2019 2:06:30 PM,,
48318,18-260898,1541840700000,2018,11,10,9,5,0,Saturday,538220.36275,4808355.9733,-80.527807,43.42713,At intersection,2,P.D. only,Within intersection,unknown,unknown,Angle,Unknown,Daylight,01 - Daylight,Regional municipality,Traffic signal,Functioning,0,0,0,False,False,False,Clear,,False,QUEENS BLVD; ELM RIDGE DR,1/30/2020 11:42:24 AM,,
48319,18-260901,1541843400000,2018,11,10,9,50,0,Saturday,542313.24292,4810287.38398,-80.477093,43.444300999999996,Non intersection,2,P.D. only,Off highway,unknown,unknown,SMV other,Unknown,Daylight,01 - Daylight,unknown,No control,unknown,0,0,0,False,False,False,Snow,,False,STIRLING AVE N; KING ST W; 20 M,2/19/2019 2:06:29 PM,,
48320,18-260914,1541842200000,2018,11,10,9,30,0,Saturday,543496.82716,4809571.88083,-80.462524,43.43779,At intersection,2,P.D. only,Within intersection,unknown,unknown,Turning movement,Unknown,Daylight,01 - Daylight,unknown,Stop sign,Functioning,0,0,0,False,False,False,Snow,,False,DOON RD ; FLORAL CRES ; 1 M,2/19/2019 2:06:27 PM,,
48321,18-260921,1541841000000,2018,11,10,9,10,0,Saturday,544561.21119,4811738.41098,-80.449195,43.457235,At intersection,2,P.D. only,Within intersection,unknown,unknown,Angle,Unknown,Daylight,01 - Daylight,Regional municipality,Traffic signal,Functioning,0,0,0,False,False,False,Clear,,False,LORRAINE AVE; RIVER RD E,1/30/2020 11:42:23 AM,,
48322,18-260948,1541847720000,2018,11,10,11,2,0,Saturday,537226.84577,4808083.14828,-80.540099,43.424724,Non intersection,2,P.D. only,Right shoulder,unknown,unknown,SMV unattended vehicle,Unknown,Daylight,01 - Daylight,unknown,No control,unknown,0,0,0,False,False,False,Snow,,False,HIGH ACRES CRES; HIGH ACRES CRES ; 2 M,2/19/2019 2:06:26 PM,,
48323,18-260987,1541847600000,2018,11,10,11,0,0,Saturday,540920.06699,4812367.0831,-80.494153,43.463104,Intersection related,2,P.D. only,Thru lane,unknown,unknown,Rear end,Unknown,Daylight,01 - Daylight,Municipal (excl. Twp. Rd.),Traffic signal,Functioning,0,0,0,False,False,False,Clear,,False,GUELPH ST; MARGARET AVE,1/30/2020 11:42:22 AM,,
48324,18-261042,1541785800000,2018,11,9,17,50,0,Friday,543074.68757,4812800.4518,-80.467485,43.466885,Intersection related,2,P.D. only,Thru lane,unknown,unknown,Rear end,Unknown,Daylight,01 - Daylight,Regional municipality,Traffic signal,Functioning,0,0,0,False,False,False,Rain,,False,RIVERBEND DR; WELLINGTON ST N,1/30/2020 11:42:21 AM,,
48325,18-261191,1541863500000,2018,11,10,15,25,0,Saturday,542848.94853,4813075.84487,-80.470254,43.469377,Intersection related,1,Non-fatal injury,Thru lane,unknown,unknown,Rear end,Unknown,Daylight,01 - Daylight,Municipal (excl. Twp. Rd.),Stop sign,Functioning,0,0,0,False,False,False,Clear,,False,RIVERBEND DR; GUELPH ST; At,1/30/2020 11:42:20 AM,,
48326,18-261201,1541843100000,2018,11,10,9,45,0,Saturday,544574.88047,4812075.05202,-80.448999,43.460266,Intersection related,2,P.D. only,Thru lane,unknown,unknown,Turning movement,Unknown,Daylight,01 - Daylight,Municipal (excl. Twp. Rd.),Stop sign,Functioning,0,0,0,False,False,False,Snow,,False,CONFEDERATION DR; CARSON DR; At,1/30/2020 11:42:19 AM,,
48327,18-261788,1541871300000,2018,11,10,17,35,0,Saturday,545232.57152,4808099.58593,-80.441199,43.424431,At intersection,2,P.D. only,Within intersection,unknown,unknown,Rear end,Unknown,"Dusk, artificial","06 - Dusk, artificial",Municipal (excl. Twp. Rd.),Stop sign,Functioning,0,0,0,False,False,False,Clear,,False,KINGSWAY DR; GREENFIELD AVE,1/30/2020 11:42:18 AM,,
48328,18-262387,1541953800000,2018,11,11,16,30,0,Sunday,545143.46859,4810864.43401,-80.442071,43.449331,Non intersection,2,P.D. only,Thru lane,unknown,unknown,SMV unattended vehicle,Unknown,Daylight,01 - Daylight,Municipal (excl. Twp. Rd.),No control,unknown,0,0,0,False,False,False,Clear,,False,HOLBORN CRT; HOLBORN CRT,1/30/2020 11:42:17 AM,,
48329,18-262449,1541953800000,2018,11,11,16,30,0,Sunday,541871.0652,4810500.10574,-80.482541,43.446241,At/near private drive,2,P.D. only,Thru lane,unknown,unknown,SMV other,Unknown,Daylight,01 - Daylight,Municipal (excl. Twp. Rd.),No control,unknown,0,0,0,False,False,False,Clear,,False,MADISON AVE S; MADISON AVE S; 1 M,1/30/2020 11:42:16 AM,,
48330,18-262649,1542029400000,2018,11,12,13,30,0,Monday,543073.90131,4812799.86874,-80.467495,43.466879999999996,At intersection,2,P.D. only,Within intersection,unknown,unknown,Sideswipe,Unknown,Daylight,01 - Daylight,Regional municipality,Traffic signal,Functioning,0,0,0,False,False,False,Clear,,False,SHIRLEY AVE; RIVERBEND DR,1/30/2020 11:42:16 AM,,
48331,18-262674,1541843100000,2018,11,10,9,45,0,Saturday,538061.88782,4808308.89695,-80.52976799999999,43.426714,At intersection,2,P.D. only,Within intersection,unknown,unknown,Rear end,Unknown,Daylight,01 - Daylight,Municipal (excl. Twp. Rd.),Stop sign,Functioning,0,0,0,False,False,False,Clear,,False,WESTHEIGHTS DR; QUEENS BLVD,1/30/2020 11:42:15 AM,,
48332,18-262811,1542043200000,2018,11,12,17,20,0,Monday,543067.00947,4807437.1902,-80.468003,43.418594,At intersection,2,P.D. only,Within intersection,unknown,unknown,Rear end,Unknown,"Dark, artificial","08 - Dark, artificial",Municipal (excl. Twp. Rd.),Yield sign,Functioning,0,0,0,False,False,False,Clear,,False,BLOCK LINE RD; FALLOWFIELD DR,1/30/2020 11:42:14 AM,,
48333,18-263450,1542125100000,2018,11,13,16,5,0,Tuesday,542843.1289,4809873.80692,-80.47057699999999,43.440546999999995,At intersection,1,Non-fatal injury,Within intersection,unknown,unknown,Angle,Unknown,Daylight,01 - Daylight,Regional municipality,Stop sign,Functioning,0,0,1,False,False,False,Snow,,False,CHARLES ST E; SYDNEY ST S,1/30/2020 11:42:12 AM,,
48334,18-263599,1542139260000,2018,11,13,20,1,0,Tuesday,537908.83986,4807484.47264,-80.531716,43.419298999999995,Non intersection,2,Non-reportable,Right shoulder,unknown,unknown,Rear end,Unknown,Dark,07 - Dark,unknown,No control,unknown,0,0,0,False,False,False,Snow,,False,WESTHEIGHTS DR; WESTHEIGHTS DR ; At; 3 M,2/19/2019 2:06:25 PM,,
48335,18-263607,1542100200000,2018,11,13,9,10,0,Tuesday,538706.47929,4810928.67729,-80.521619,43.450269999999996,Non intersection,2,P.D. only,Thru lane,unknown,unknown,Rear end,Unknown,Daylight,01 - Daylight,Municipal (excl. Twp. Rd.),Ped. crossover,Functioning,0,0,0,False,False,False,Clear,,False,GLASGOW ST; GLASGOW ST ; Near,1/30/2020 11:42:12 AM,,
48336,18-263630,1542142560000,2018,11,13,20,56,0,Tuesday,536763.84161,4807403.86416,-80.54586499999999,43.41863,Non intersection,2,P.D. only,Right shoulder,unknown,unknown,SMV unattended vehicle,Unknown,Dark,07 - Dark,unknown,No control,unknown,0,0,0,False,False,False,Snow,,False,ROLLING MEADOWS DR ; ROLLING MEADOWS DR; At; 1 M,2/19/2019 2:06:23 PM,,
48337,18-263649,1542144240000,2018,11,13,21,24,0,Tuesday,544612.32704,4809092.22518,-80.44878,43.433406,Intersection related,2,P.D. only,Right turn lane,unknown,unknown,Rear end,Unknown,"Dark, artificial","08 - Dark, artificial",unknown,Traffic signal,Functioning,0,0,0,False,False,False,Clear,,False,KINGSWAY DR; FRANKLIN ST S; 7 M,2/19/2019 2:06:22 PM,,
48338,18-263749,1542155820000,2018,11,14,0,37,0,Wednesday,542345.19513,4807747.85768,-80.476895,43.421433,Non intersection,2,P.D. only,Thru lane,unknown,unknown,SMV other,Unknown,Dark,07 - Dark,unknown,No control,unknown,0,0,0,False,False,False,Snow,,False,ALPINE ; KINGSWOOD DR ; 200 M,2/19/2019 2:06:21 PM,,
48339,18-263906,1542183000000,2018,11,14,8,10,0,Wednesday,545832.38428,4802614.44711,-80.434249,43.375006,Intersection related,2,P.D. only,Thru lane,unknown,unknown,Rear end,Unknown,Daylight,01 - Daylight,Municipal (excl. Twp. Rd.),Stop sign,Functioning,0,0,0,False,False,False,Snow,,False,THOMAS SLEE DR; DOON SOUTH DR,1/30/2020 11:42:11 AM,,
48340,18-264039,1542182700000,2018,11,14,8,5,0,Wednesday,540783.93471,4806221.70396,-80.49629499999999,43.407778,Intersection related,2,P.D. only,Thru lane,unknown,unknown,Turning movement,Unknown,Daylight,01 - Daylight,Municipal (excl. Twp. Rd.),Stop sign,Functioning,0,0,0,False,False,False,Clear,,False,RITTENHOUSE RD; ERINBROOK DR; At,1/30/2020 11:42:10 AM,,
48341,18-264064,1542139500000,2018,11,13,20,5,0,Tuesday,537215.55649,4807578.52341,-80.540273,43.420179999999995,Intersection related,2,P.D. only,Thru lane,unknown,unknown,SMV other,Unknown,Daylight,01 - Daylight,Municipal (excl. Twp. Rd.),Stop sign,Functioning,0,0,0,False,False,False,Clear,,False,WESTHEIGHTS DR; BROKEN OAK CRES; Near,1/30/2020 11:42:09 AM,,
48342,18-264153,1540335600000,2018,10,23,23,0,0,Tuesday,541686.19465,4807738.23108,-80.485036,43.421383,Non intersection,2,P.D. only,Thru lane,unknown,unknown,SMV unattended vehicle,Unknown,"Dark, artificial","08 - Dark, artificial",Municipal (excl. Twp. Rd.),No control,unknown,0,0,0,False,False,False,Clear,,False,KINGSWOOD DR; KINGSWOOD DR; Near,1/30/2020 11:42:08 AM,,
48343,18-264247,1542203100000,2018,11,14,13,45,0,Wednesday,541912.94545,4812111.9984,-80.48190000000001,43.460752,Non intersection,2,P.D. only,Thru lane,unknown,unknown,SMV unattended vehicle,Unknown,Daylight,01 - Daylight,Municipal (excl. Twp. Rd.),No control,unknown,0,0,0,False,False,False,Clear,,False,BREITHAUPT ST; BREITHAUPT ST ; Near,1/30/2020 11:42:07 AM,,
48344,18-264392,1542160800000,2018,11,14,2,0,0,Wednesday,538466.95528,4809921.5421,-80.52465,43.441213999999995,Non intersection,2,P.D. only,Thru lane,unknown,unknown,SMV unattended vehicle,Unknown,Dark,07 - Dark,Municipal (excl. Twp. Rd.),No control,unknown,0,0,0,False,False,False,Snow,,False,MOOREGATE CRES; MOOREGATE CRES,1/30/2020 11:42:06 AM,,
48345,18-264845,1542229200000,2018,11,14,21,0,0,Wednesday,548148.66351,4810392.31977,-80.404973,43.444893,At/near private drive,2,P.D. only,Thru lane,unknown,unknown,SMV unattended vehicle,Unknown,"Dark, artificial","08 - Dark, artificial",Municipal (excl. Twp. Rd.),No control,unknown,0,0,0,False,False,False,Clear,,False,LOWER MERCER ST; LOWER MERCER ST,1/30/2020 11:42:05 AM,,
48346,18-264951,1542092400000,2018,11,13,7,0,0,Tuesday,536799.34332,4807831.90035,-80.54539799999999,43.422481999999995,Non intersection,2,P.D. only,Thru lane,unknown,unknown,Approaching,Unknown,Dawn,03 - Dawn,Municipal (excl. Twp. Rd.),No control,unknown,0,0,0,False,False,False,Snow,,False,ROLLING MEADOWS DR; NEWBURY DR; Near; 50 M,1/30/2020 11:42:04 AM,,
48347,18-264974,1542180600000,2018,11,14,7,30,0,Wednesday,541068.0,4811108.0,0.0,0.0,At intersection,2,P.D. only,Within intersection,unknown,unknown,Angle,Unknown,Daylight,01 - Daylight,Municipal (excl. Twp. Rd.),Stop sign,Functioning,0,0,0,False,False,False,Clear,,False,STEEPLERIDGE ST; MARTINWOOD ST,1/30/2020 11:42:03 AM,,
48348,18-265026,1542296400000,2018,11,15,15,40,0,Thursday,541068.0,4811108.0,0.0,0.0,Intersection related,2,Non-reportable,Thru lane,unknown,unknown,Rear end,Unknown,Daylight,01 - Daylight,Municipal (excl. Twp. Rd.),Stop sign,Functioning,0,0,0,False,False,False,Snow,,False,PLEASANT AVE ; GLEN RD ; Near,1/30/2020 11:42:03 AM,,
48349,18-265033,1542270000000,2018,11,15,8,20,0,Thursday,543921.34621,4805134.26374,-80.457635,43.397808999999995,Non intersection,2,P.D. only,Right turn lane,unknown,unknown,Rear end,Unknown,Daylight,01 - Daylight,unknown,Yield sign,Functioning,0,0,0,False,False,False,Clear,,False,HURON RD; OLD HURON RD OFF TO HURON RD; Near; 0 M,2/19/2019 2:06:19 PM,,
48350,18-265275,1542283200000,2018,11,15,12,0,0,Thursday,539051.32557,4809777.09761,-80.517439,43.439882999999995,Non intersection,2,P.D. only,Thru lane,unknown,unknown,SMV unattended vehicle,Unknown,Daylight,01 - Daylight,Regional municipality,No control,unknown,0,0,0,False,False,False,Snow,,False,PAULANDER DR; PAULANDER DR,1/30/2020 11:42:02 AM,,
48351,18-265448,1542323700000,2018,11,15,23,15,0,Thursday,540351.78669,4806814.44059,-80.501589,43.413138,At intersection,2,P.D. only,Right shoulder,unknown,unknown,SMV other,Unknown,Dark,07 - Dark,unknown,Stop sign,Functioning,0,0,0,False,False,False,Snow,,False,WILLIAMSBURG RD; DINISON CRES,2/19/2019 2:06:18 PM,,
48352,18-265617,1542303900000,2018,11,15,17,45,0,Thursday,540154.26571,4811287.20063,-80.503699,43.453421999999996,Intersection related,2,P.D. only,Thru lane,unknown,unknown,Turning movement,Unknown,"Dark, artificial","08 - Dark, artificial",Municipal (excl. Twp. Rd.),Stop sign,Functioning,0,0,0,False,False,False,Snow,,False,WALTER ST; WELLINGTON ST S,1/30/2020 11:42:02 AM,,
48353,18-265704,1542306600000,2018,11,15,18,30,0,Thursday,541014.14366,4809678.12837,-80.49319299999999,43.438887,Intersection related,2,P.D. only,Thru lane,unknown,unknown,SMV other,Unknown,"Dark, artificial","08 - Dark, artificial",Regional municipality,Traffic signal,Functioning,0,0,0,False,False,False,Snow,,False,HIGHLAND RD E; SPADINA RD E,1/30/2020 11:42:01 AM,,
48354,18-265761,1542356700000,2018,11,16,8,25,0,Friday,542523.64426,4805548.12618,-80.474862,43.401616,Intersection related,2,P.D. only,Thru lane,unknown,unknown,Turning movement,Unknown,Daylight,01 - Daylight,Municipal (excl. Twp. Rd.),Stop sign,Functioning,0,0,0,False,False,False,Snow,,False,MCBRINE DR; MCBRINE PL,1/30/2020 11:42:01 AM,,
48355,18-266395,1542436200000,2018,11,17,6,30,0,Saturday,547890.10763,4811349.65421,-80.408084,43.453528999999996,Non intersection,2,P.D. only,Not on roadway - right side,unknown,unknown,SMV other,Unknown,"Dark, artificial","08 - Dark, artificial",unknown,No control,unknown,0,0,0,False,False,False,Clear,,False,OLD ZELLER DR; OLD ZELLER DR ; At; 1 M,2/19/2019 2:06:17 PM,,
48356,18-266448,1542427200000,2018,11,17,4,0,0,Saturday,541068.0,4811108.0,0.0,0.0,Non intersection,2,P.D. only,Thru lane,unknown,unknown,SMV unattended vehicle,Unknown,"Dark, artificial","08 - Dark, artificial",unknown,No control,unknown,0,0,0,False,False,False,Clear,,False,WEST OAK TRAIL; WEST OAK TRAIL ; At; 2 M,2/19/2019 2:06:15 PM,,
48357,18-266451,1542305700000,2018,11,15,18,15,0,Thursday,541068.0,4811108.0,0.0,0.0,At intersection,2,P.D. only,Within intersection,unknown,unknown,Turning movement,Unknown,Dark,07 - Dark,Municipal (excl. Twp. Rd.),No control,unknown,0,0,0,False,False,False,Snow,,False,PARK ST ; JUBILEE DR,1/30/2020 11:42:00 AM,,
48358,18-266532,1542279600000,2018,11,15,11,0,0,Thursday,541068.0,4811108.0,0.0,0.0,At/near private drive,2,P.D. only,Thru lane,unknown,unknown,Other,Unknown,Daylight,01 - Daylight,Municipal (excl. Twp. Rd.),No control,unknown,0,0,0,False,False,False,Clear,,False,PARK ST; PARK ST ; Near,1/30/2020 11:42:00 AM,,
48359,18-267181,1542486600000,2018,11,17,20,30,0,Saturday,539552.82565,4809701.1343,-80.511248,43.439173,At/near private drive,2,P.D. only,Thru lane,unknown,unknown,Turning movement,Unknown,"Dark, artificial","08 - Dark, artificial",unknown,No control,unknown,0,0,0,False,False,False,Clear,,False,LAWRENCE AVE ; HIGHLAND RD W; At; 0 M,2/19/2019 2:06:14 PM,,
48360,18-267213,1542493800000,2018,11,17,22,30,0,Saturday,545811.14535,4804718.35222,-80.43433499999999,43.393951,Non intersection,2,Non-reportable,Thru lane,unknown,unknown,SMV other,Unknown,"Dark, artificial","08 - Dark, artificial",unknown,No control,unknown,0,0,0,False,False,False,Clear,,False,PIONEER DR ; OLD CARRIAGE DR ; Near; 50 M,2/19/2019 2:06:12 PM,,