OBJECTID,ACCIDENTNUM,ACCIDENTDATE,ACCIDENT_YEAR,ACCIDENT_MONTH,ACCIDENT_DAY,ACCIDENT_HOUR,ACCIDENT_MINUTE,ACCIDENT_SECOND,ACCIDENT_WEEKDAY,XCOORD,YCOORD,LONGITUDE,LATITUDE,ACCIDENTLOCATION,COLLISIONTYPE,CLASSIFICATIONOFACCIDENT,IMPACTLOCATION,INITIALDIRECTIONOFTRAVELONE,INITIALDIRECTIONOFTRAVELTWO,INITIALIMPACTTYPE,INTTRAFFICCONTROL,LIGHT,LIGHTFORREPORT,ROADJURISDICTION,TRAFFICCONTROL,TRAFFICCONTROLCONDITION,THRULANENO,NORTHBOUNDDISOBEYCOUNT,SOUTHBOUNDDISOBEYCOUNT,PEDESTRIANINVOLVED,CYCLISTINVOLVED,MOTORCYCLISTINVOLVED,ENVIRONMENTCONDITION1,ENVIRONMENTCONDITION2,SELFREPORTED,XMLIMPORTNOTES,LASTEDITEDDATE,CREATE_BY,CREATE_DATE
48361,18-267294,1542540480000,2018,11,18,11,28,0,Sunday,541068.0,4811108.0,0.0,0.0,Intersection related,2,P.D. only,Left turn lane,unknown,unknown,Sideswipe,Unknown,Daylight,01 - Daylight,Municipal (excl. Twp. Rd.),Stop sign,Functioning,0,0,0,False,False,False,Clear,,False,STRASBURG RD; OLD COUNTRY DR; Near; 20 M,1/30/2020 11:41:59 AM,,
48362,18-267391,1542185700000,2018,11,14,8,55,0,Wednesday,541068.0,4811108.0,0.0,0.0,Non intersection,2,P.D. only,Thru lane,unknown,unknown,SMV unattended vehicle,Unknown,Daylight,01 - Daylight,Municipal (excl. Twp. Rd.),No control,unknown,0,0,0,False,False,False,Snow,,False,HAZELGLEN DR; HAZELGLEN DR ; Near; 15 M,1/30/2020 11:41:58 AM,,
48363,18-267997,1542620640000,2018,11,19,9,44,0,Monday,541068.0,4811108.0,0.0,0.0,Non intersection,2,P.D. only,Thru lane,unknown,unknown,SMV unattended vehicle,Unknown,Daylight,01 - Daylight,Municipal (excl. Twp. Rd.),No control,unknown,0,0,0,False,False,False,Clear,,False,SHADY GLEN CRES; SHADY GLEN CRES; Near,1/30/2020 11:41:58 AM,,
48364,18-268052,1542566400000,2018,11,18,18,40,0,Sunday,541068.0,4811108.0,0.0,0.0,At/near private drive,2,P.D. only,Thru lane,unknown,unknown,Rear end,Unknown,"Dark, artificial","08 - Dark, artificial",Municipal (excl. Twp. Rd.),No control,unknown,0,0,0,False,False,False,Clear,,False,STRASBURG RD; STRASBURG RD; At,1/30/2020 11:41:57 AM,,
48365,18-268601,1542701520000,2018,11,20,8,12,0,Tuesday,543002.88628,4806162.52883,-80.468896,43.407121,At/near private drive,2,P.D. only,Thru lane,unknown,unknown,Turning movement,Unknown,Daylight,01 - Daylight,unknown,No control,unknown,0,0,0,False,False,False,Clear,,False,SHOEMAKER ST; SHOEMAKER ST ; At; 1 M,2/19/2019 2:06:11 PM,,
48366,18-268637,1542703800000,2018,11,20,8,50,0,Tuesday,541651.31237,4810880.22119,-80.48522799999999,43.449676,At intersection,2,P.D. only,Within intersection,unknown,unknown,Turning movement,Unknown,Daylight,01 - Daylight,unknown,Traffic signal,Functioning,0,0,0,False,False,False,Snow,,False,SCOTT ST; DUKE ST E,2/19/2019 2:06:10 PM,,
48367,18-268649,1542704580000,2018,11,20,9,3,0,Tuesday,538600.67896,4806699.74427,-80.523225,43.412198,Intersection related,1,Non-fatal injury,Thru lane,unknown,unknown,Approaching,Unknown,Daylight,01 - Daylight,unknown,Stop sign,Functioning,0,0,0,False,False,False,Snow,,False,FOXGLOVE CRES; WINDFLOWER DR,2/19/2019 2:06:08 PM,,
48368,18-268656,1542700800000,2018,11,20,8,0,0,Tuesday,541068.0,4811108.0,0.0,0.0,Intersection related,2,Non-reportable,Thru lane,unknown,unknown,Rear end,Unknown,Daylight,01 - Daylight,Municipal (excl. Twp. Rd.),Stop sign,Functioning,0,0,0,False,False,False,Snow,,False,BIEHN DR; MARL MEADOW DR,1/30/2020 11:41:56 AM,,
48369,18-268699,1542700200000,2018,11,20,7,50,0,Tuesday,541068.0,4811108.0,0.0,0.0,At intersection,2,Non-reportable,Within intersection,unknown,unknown,Rear end,Unknown,Daylight,01 - Daylight,Regional municipality,Yield sign,Functioning,0,0,0,False,False,False,Snow,,False,HURON RD; STRASBURG RD,1/30/2020 11:41:56 AM,,
48370,18-268726,1542704400000,2018,11,20,9,0,0,Tuesday,541068.0,4811108.0,0.0,0.0,At intersection,2,P.D. only,Within intersection,unknown,unknown,Rear end,Unknown,Daylight,01 - Daylight,Municipal (excl. Twp. Rd.),Stop sign,Functioning,0,0,0,False,False,False,Snow,,False,SUGAR MAPLE ST; HIGHVIEW DR,1/30/2020 11:41:55 AM,,
48371,18-268740,1542702900000,2018,11,20,8,35,0,Tuesday,541068.0,4811108.0,0.0,0.0,Intersection related,2,P.D. only,Thru lane,unknown,unknown,Rear end,Unknown,Daylight,01 - Daylight,Municipal (excl. Twp. Rd.),Stop sign,Functioning,0,0,0,False,False,False,Clear,,False,APPLE RIDGE DR; DOON MILLS DR,1/30/2020 11:41:54 AM,,
48372,18-268789,1542704400000,2018,11,20,9,0,0,Tuesday,541068.0,4811108.0,0.0,0.0,Non intersection,2,P.D. only,Thru lane,unknown,unknown,SMV unattended vehicle,Unknown,Daylight,01 - Daylight,Municipal (excl. Twp. Rd.),No control,unknown,0,0,0,False,False,False,Clear,,False,BROKEN OAK CRES; BROKEN OAK CRES; Near,1/30/2020 11:41:54 AM,,
48373,18-268859,1542702600000,2018,11,20,8,30,0,Tuesday,541068.0,4811108.0,0.0,0.0,Intersection related,2,P.D. only,Thru lane,unknown,unknown,Rear end,Unknown,Daylight,01 - Daylight,Municipal (excl. Twp. Rd.),Stop sign,Functioning,0,0,0,False,False,False,Snow,,False,KARN ST; BELMONT AVE W,1/30/2020 11:41:53 AM,,
48374,18-268899,1542304200000,2018,11,15,17,50,0,Thursday,541068.0,4811108.0,0.0,0.0,Intersection related,2,P.D. only,Thru lane,unknown,unknown,Rear end,Unknown,"Dark, artificial","08 - Dark, artificial",Municipal (excl. Twp. Rd.),Stop sign,Functioning,0,0,0,False,False,False,Snow,,False,MCINTYRE DR; STRASBURG RD,1/30/2020 11:41:53 AM,,
48375,18-268940,1542721500000,2018,11,20,13,45,0,Tuesday,541068.0,4811108.0,0.0,0.0,At/near private drive,2,P.D. only,Thru lane,unknown,unknown,Other,Unknown,Daylight,01 - Daylight,Private property,No control,unknown,0,0,0,False,False,False,Clear,,False,HALLIWELL DR; HALLIWELL DR,1/30/2020 11:41:52 AM,,
48376,18-268988,1542650400000,2018,11,19,18,0,0,Monday,541068.0,4811108.0,0.0,0.0,Non intersection,2,P.D. only,Thru lane,unknown,unknown,SMV unattended vehicle,Unknown,"Dusk, artificial","06 - Dusk, artificial",Municipal (excl. Twp. Rd.),No control,unknown,0,0,0,False,False,False,Clear,,False,HIGHBROOK ST; HIGHBROOK ST; Near,1/30/2020 11:41:52 AM,,
48377,18-269012,1542701700000,2018,11,20,8,15,0,Tuesday,541068.0,4811108.0,0.0,0.0,Intersection related,1,Non-fatal injury,Thru lane,unknown,unknown,Rear end,Unknown,Daylight,01 - Daylight,Municipal (excl. Twp. Rd.),Stop sign,Functioning,0,0,0,False,False,False,Clear,,False,KARN ST; BELMONT AVE W,1/30/2020 11:41:51 AM,,
48378,18-269086,1542704400000,2018,11,20,9,0,0,Tuesday,541068.0,4811108.0,0.0,0.0,At/near private drive,2,P.D. only,Thru lane,unknown,unknown,Other,Unknown,Daylight,01 - Daylight,Municipal (excl. Twp. Rd.),No control,unknown,0,0,0,False,False,False,Clear,,False,COMMONWEALTH ST; COMMONWEALTH ST,1/30/2020 11:41:50 AM,,
48379,18-269125,1542128400000,2018,11,13,17,0,0,Tuesday,541068.0,4811108.0,0.0,0.0,At intersection,2,P.D. only,Within intersection,unknown,unknown,Angle,Unknown,Daylight,01 - Daylight,Regional municipality,Yield sign,Functioning,0,0,0,False,False,False,Clear,,False,HURON RD; STRASBURG RD,1/30/2020 11:41:50 AM,,
48380,18-269130,1542737400000,2018,11,20,18,10,0,Tuesday,541068.0,4811108.0,0.0,0.0,Non intersection,2,Non-reportable,Thru lane,unknown,unknown,Rear end,Unknown,"Dark, artificial","08 - Dark, artificial",Municipal (excl. Twp. Rd.),Ped. crossover,Functioning,0,0,0,False,False,False,Clear,,False,KINGSWAY DR; KINGSWAY DR; Near,1/30/2020 11:41:49 AM,,
48381,18-269357,1542703500000,2018,11,20,8,45,0,Tuesday,541068.0,4811108.0,0.0,0.0,At intersection,1,Non-fatal injury,Within intersection,unknown,unknown,Turning movement,Unknown,Daylight,01 - Daylight,Municipal (excl. Twp. Rd.),Stop sign,Functioning,0,0,0,False,False,False,Snow,,False,FOXGLOVE CRES; WINDFLOWER DR,1/30/2020 11:41:49 AM,,
48382,18-269953,1542834960000,2018,11,21,21,16,0,Wednesday,545030.90765,4812002.66353,-80.44336799999999,43.459585999999994,Intersection related,1,Non-fatal injury,Thru lane,unknown,unknown,Rear end,Unknown,Dark,07 - Dark,unknown,Stop sign,Functioning,0,0,0,False,False,False,Clear,,False,LORRAINE AVE; MONTCALM DR ; Near; 100 M,2/19/2019 2:06:06 PM,,
48383,18-270086,1542866100000,2018,11,22,5,55,0,Thursday,538246.52696,4806533.77597,-80.527611,43.410722,Non intersection,2,P.D. only,Thru lane,unknown,unknown,Approaching,Unknown,Daylight,01 - Daylight,unknown,No control,unknown,0,0,0,False,False,False,Clear,,False,FOXGLOVE CRES ; EVERGLADE CRES ; Near; 50 M,2/19/2019 2:06:05 PM,,
48384,18-270187,1542875100000,2018,11,22,8,25,0,Thursday,541068.0,4811108.0,0.0,0.0,Intersection related,2,P.D. only,Thru lane,unknown,unknown,Rear end,Unknown,Daylight,01 - Daylight,Regional municipality,Stop sign,Functioning,0,0,0,False,False,False,Clear,,False,PARKVALE DR; HURON RD; At,1/30/2020 11:41:48 AM,,
48385,18-270227,1542812700000,2018,11,21,15,5,0,Wednesday,541068.0,4811108.0,0.0,0.0,Intersection related,2,P.D. only,Thru lane,unknown,unknown,Other,Unknown,Daylight,01 - Daylight,Municipal (excl. Twp. Rd.),Stop sign,Functioning,0,0,0,False,False,False,Clear,,False,DOON SOUTH DR; THOMAS SLEE DR; Near,1/30/2020 11:41:48 AM,,
48386,18-270403,1542704760000,2018,11,20,9,6,0,Tuesday,541068.0,4811108.0,0.0,0.0,At intersection,2,P.D. only,Within intersection,unknown,unknown,Rear end,Unknown,Daylight,01 - Daylight,Municipal (excl. Twp. Rd.),Stop sign,Functioning,0,0,0,False,False,False,Clear,,False,HIDDEN CREEK DR; WESTFOREST TRAIL,1/30/2020 11:41:47 AM,,
48387,18-270427,1542885300000,2018,11,22,11,15,0,Thursday,541068.0,4811108.0,0.0,0.0,At/near private drive,2,P.D. only,Thru lane,unknown,unknown,Other,Unknown,Daylight,01 - Daylight,Municipal (excl. Twp. Rd.),No control,unknown,0,0,0,False,False,False,Clear,,False,HIDEAWAY CRT; HIDEAWAY CRT,1/30/2020 11:41:46 AM,,
48388,18-270972,1542900900000,2018,11,22,15,35,0,Thursday,541068.0,4811108.0,0.0,0.0,Intersection related,2,P.D. only,Thru lane,unknown,unknown,Sideswipe,Unknown,Daylight,01 - Daylight,Municipal (excl. Twp. Rd.),School guard,Functioning,0,0,0,False,False,False,Clear,,False,PIONEER DR; BECHTEL DR,1/30/2020 11:41:46 AM,,
48389,18-271258,1542980760000,2018,11,23,13,46,0,Friday,544937.70375,4807906.73364,-80.444857,43.422712,At/near private drive,2,P.D. only,Two-way left turn lane,unknown,unknown,Turning movement,Unknown,Daylight,01 - Daylight,unknown,No control,unknown,0,0,0,False,False,False,Clear,,False,WILSON AVE ; FAIRWAY RD S; 300 M,2/19/2019 2:06:03 PM,,
48390,18-271364,1542988200000,2018,11,23,15,50,0,Friday,541300.13089,4812437.43759,-80.48944999999999,43.463716,At intersection,2,P.D. only,Within intersection,unknown,unknown,Angle,Unknown,"Daylight, artificial","02 - Daylight, artificial",unknown,Stop sign,Functioning,0,0,0,False,False,False,Clear,,False,ST LEGER ST; BLUCHER BLVD,2/19/2019 2:06:02 PM,,
48391,18-271386,1542902400000,2018,11,22,16,0,0,Thursday,541068.0,4811108.0,0.0,0.0,Non intersection,2,P.D. only,Thru lane,unknown,unknown,SMV unattended vehicle,Unknown,Daylight,01 - Daylight,Municipal (excl. Twp. Rd.),No control,unknown,0,0,0,False,False,False,Clear,,False,WEST AVE; HOMEWOOD AVE; Near,1/30/2020 11:41:45 AM,,
48392,18-271406,1542987600000,2018,11,23,15,40,0,Friday,541068.0,4811108.0,0.0,0.0,At/near private drive,2,P.D. only,Thru lane,unknown,unknown,Other,Unknown,Daylight,01 - Daylight,Municipal (excl. Twp. Rd.),No control,unknown,0,0,0,False,False,False,Clear,,False,HOWLAND DR; HOWLAND DR ; Near,1/30/2020 11:41:45 AM,,
48393,18-271442,1542907800000,2018,11,22,17,30,0,Thursday,541068.0,4811108.0,0.0,0.0,At/near private drive,2,P.D. only,Thru lane,unknown,unknown,SMV unattended vehicle,Unknown,"Dark, artificial","08 - Dark, artificial",Municipal (excl. Twp. Rd.),No control,unknown,0,0,0,False,False,False,Clear,,False,COACH HILL DR; COACH HILL DR,1/30/2020 11:41:44 AM,,
48394,18-271981,1542992400000,2018,11,23,17,0,0,Friday,541068.0,4811108.0,0.0,0.0,At/near private drive,2,P.D. only,Thru lane,unknown,unknown,SMV unattended vehicle,Unknown,Daylight,01 - Daylight,Municipal (excl. Twp. Rd.),No control,unknown,0,0,0,False,False,False,Clear,,False,FOREST HILL DR; FOREST HILL DR ; Near,1/30/2020 11:41:43 AM,,
48395,18-272008,1543054680000,2018,11,24,10,18,0,Saturday,539617.3783,4811372.94048,-80.510329,43.454223,At intersection,2,P.D. only,Within intersection,unknown,unknown,Turning movement,Unknown,Daylight,01 - Daylight,unknown,Traffic signal,Functioning,0,0,0,False,False,False,Rain,,False,PARK ST; GLASGOW ST,2/19/2019 2:06:01 PM,,
48396,18-272060,1543055400000,2018,11,24,10,30,0,Saturday,541068.0,4811108.0,0.0,0.0,At/near private drive,2,P.D. only,Thru lane,unknown,unknown,Sideswipe,Unknown,Daylight,01 - Daylight,Municipal (excl. Twp. Rd.),No control,unknown,0,0,0,False,False,False,Rain,,False,GREENBROOK DR; GREENBROOK DR ; Near; 30 M,1/30/2020 11:41:42 AM,,
48397,18-272274,1543078800000,2018,11,24,17,0,0,Saturday,541068.0,4811108.0,0.0,0.0,Non intersection,2,P.D. only,Thru lane,unknown,unknown,SMV other,Unknown,Dusk,05 - Dusk,Municipal (excl. Twp. Rd.),No control,unknown,0,0,0,False,False,False,Rain,,False,DOON SOUTH DR; DOON SOUTH DR,1/30/2020 11:41:40 AM,,
48398,18-272379,1543086000000,2018,11,24,19,0,0,Saturday,540588.3665,4805565.44901,-80.49875899999999,43.401879,Non intersection,2,P.D. only,Thru lane,unknown,unknown,SMV unattended vehicle,Unknown,"Dark, artificial","08 - Dark, artificial",unknown,No control,unknown,0,0,0,False,False,False,Rain,,False,HARDING ST; HARDING ST ; Near; 13 M,2/19/2019 2:05:59 PM,,
48399,18-272835,1543068900000,2018,11,24,14,15,0,Saturday,541068.0,4811108.0,0.0,0.0,At/near private drive,2,P.D. only,Thru lane,unknown,unknown,Other,Unknown,Daylight,01 - Daylight,Regional municipality,No control,unknown,0,0,0,False,False,False,Clear,,False,WELLINGTON ST N; WELLINGTON ST N; At,1/30/2020 11:41:40 AM,,
48400,18-272857,1542794400000,2018,11,21,10,0,0,Wednesday,541068.0,4811108.0,0.0,0.0,Intersection related,1,Non-fatal injury,Thru lane,unknown,unknown,Rear end,Unknown,Daylight,01 - Daylight,Regional municipality,Traffic signal,Functioning,0,0,0,False,False,False,Clear,,False,WELLINGTON ST N; SHIRLEY AVE,1/30/2020 11:41:39 AM,,
48401,18-272932,1543111200000,2018,11,25,2,0,0,Sunday,541068.0,4811108.0,0.0,0.0,Non intersection,2,P.D. only,Thru lane,unknown,unknown,SMV unattended vehicle,Unknown,Dark,07 - Dark,Municipal (excl. Twp. Rd.),No control,unknown,0,0,0,False,False,False,Clear,,False,PATHFINDER CRES; PATHFINDER CRES ; At,1/30/2020 11:41:38 AM,,
48402,18-273861,1542985200000,2018,11,23,15,0,0,Friday,541068.0,4811108.0,0.0,0.0,At intersection,2,P.D. only,Within intersection,unknown,unknown,Rear end,Unknown,Daylight,01 - Daylight,Regional municipality,Yield sign,Functioning,0,0,0,False,False,False,Clear,,False,FALLOWFIELD DR; BLOCK LINE RD,1/30/2020 11:41:37 AM,,
48403,18-274461,1543254600000,2018,11,26,17,50,0,Monday,544631.21273,4806285.31372,-80.448776,43.408131,Non intersection,2,Non-reportable,Thru lane,unknown,unknown,Sideswipe,Unknown,Dark,07 - Dark,unknown,No control,unknown,0,0,0,False,False,False,Rain,,False,WABANAKI DR; MANITOU DR,2/19/2019 2:05:58 PM,,
48404,18-274583,1543333080000,2018,11,27,15,38,0,Tuesday,539316.49046,4810615.93851,-80.514102,43.447421999999996,At intersection,1,Non-fatal injury,Within intersection,unknown,unknown,Turning movement,Unknown,Daylight,01 - Daylight,unknown,Traffic signal,Functioning,0,0,0,False,False,False,Clear,,False,BELMONT AVE W; GAGE AVE; 0 M,2/19/2019 2:05:57 PM,,
48405,18-275303,1543410000000,2018,11,28,13,0,0,Wednesday,541068.0,4811108.0,0.0,0.0,Intersection related,2,P.D. only,Thru lane,unknown,unknown,Turning movement,Unknown,Daylight,01 - Daylight,Municipal (excl. Twp. Rd.),Stop sign,Functioning,0,0,0,False,False,False,Clear,,False,HALLS LANE E; QUEEN ST S; At,1/30/2020 11:41:36 AM,,
48406,18-275350,1543415760000,2018,11,28,14,36,0,Wednesday,545446.68784,4811768.25309,-80.438248,43.457451,Intersection related,2,P.D. only,Thru lane,unknown,unknown,SMV unattended vehicle,Unknown,Daylight,01 - Daylight,unknown,Stop sign,Functioning,0,0,0,False,False,False,Clear,,False,QUEENSTON DR ; INDIAN RD ; Near; 25 M,2/19/2019 2:05:56 PM,,
48407,18-275459,1543424400000,2018,11,28,17,0,0,Wednesday,545874.0887,4808591.72952,-80.43323199999999,43.428823,At/near private drive,2,P.D. only,Thru lane,unknown,unknown,Turning movement,Unknown,Daylight,01 - Daylight,unknown,No control,unknown,0,0,0,False,False,False,Clear,,False,KING ST E; KING ST E; Near; 10 M,2/19/2019 2:05:54 PM,,
48408,18-275535,1543431180000,2018,11,28,18,53,0,Wednesday,538752.90073,4807715.48431,-80.521273,43.421336,At/near private drive,2,Non-reportable,Thru lane,unknown,unknown,SMV unattended vehicle,Unknown,Dark,07 - Dark,unknown,No control,unknown,0,0,0,False,False,False,Clear,,False,FOREST GLEN CRES; FOREST GLEN CRES ; At; 1 M,2/19/2019 2:05:53 PM,,
48409,18-275560,1543431600000,2018,11,28,19,0,0,Wednesday,541068.0,4811108.0,0.0,0.0,Intersection related,2,P.D. only,Thru lane,unknown,unknown,Sideswipe,Unknown,"Dark, artificial","08 - Dark, artificial",Municipal (excl. Twp. Rd.),Stop sign,Functioning,0,0,0,False,False,False,Clear,,False,CHARLES ST E; CHARLES ST E; Near,1/30/2020 11:41:35 AM,,
48410,18-275877,1543480080000,2018,11,29,8,28,0,Thursday,543071.34554,4805495.63436,-80.468103,43.401112,At intersection,2,P.D. only,Within intersection,unknown,unknown,Angle,Unknown,Daylight,01 - Daylight,unknown,Stop sign,Functioning,0,0,0,False,False,False,Clear,,False,STRASBURG RD; TRILLIUM DR,2/19/2019 2:05:50 PM,,
48411,18-276089,1543435200000,2018,11,28,20,0,0,Wednesday,541068.0,4811108.0,0.0,0.0,At/near private drive,2,P.D. only,Thru lane,unknown,unknown,SMV unattended vehicle,Unknown,"Dark, artificial","08 - Dark, artificial",Municipal (excl. Twp. Rd.),No control,unknown,0,0,0,False,False,False,Clear,,False,THALER AVE; THALER AVE; At; 1 M,1/30/2020 11:41:34 AM,,
48412,18-276141,1543499220000,2018,11,29,13,47,0,Thursday,546750.10794,4810408.00077,-80.422254,43.445122999999995,Intersection related,1,Non-fatal injury,Thru lane,unknown,unknown,Turning movement,Unknown,Daylight,01 - Daylight,unknown,Stop sign,Functioning,0,0,0,False,False,False,Clear,,False,DAIMLER DR; CORFIELD DR,2/19/2019 2:05:48 PM,,
48413,18-276222,1543432200000,2018,11,28,19,10,0,Wednesday,541068.0,4811108.0,0.0,0.0,At intersection,2,P.D. only,Within intersection,unknown,unknown,Turning movement,Unknown,"Dark, artificial","08 - Dark, artificial",Municipal (excl. Twp. Rd.),Stop sign,Functioning,0,0,0,False,False,False,Rain,,False,BLACKWELL DR; WESTHEIGHTS DR,1/30/2020 11:41:33 AM,,
48414,18-276320,1543514400000,2018,11,29,18,0,0,Thursday,541068.0,4811108.0,0.0,0.0,At intersection,2,P.D. only,Within intersection,unknown,unknown,Turning movement,Unknown,Dark,07 - Dark,Municipal (excl. Twp. Rd.),Stop sign,Functioning,0,0,0,False,False,False,Clear,,False,WESTHEIGHTS DR; QUEENS BLVD,1/30/2020 11:41:32 AM,,
48415,18-276678,1543559700000,2018,11,30,6,35,0,Friday,541068.0,4811108.0,0.0,0.0,Non intersection,2,P.D. only,Thru lane,unknown,unknown,SMV unattended vehicle,Unknown,"Dark, artificial","08 - Dark, artificial",Municipal (excl. Twp. Rd.),No control,unknown,0,0,0,False,False,False,Clear,,True,PARKVALE DR; PARKVALE DR,1/30/2020 11:41:31 AM,,
48416,18-276861,1543471200000,2018,11,29,6,0,0,Thursday,541068.0,4811108.0,0.0,0.0,Non intersection,2,P.D. only,Thru lane,unknown,unknown,SMV unattended vehicle,Unknown,Daylight,01 - Daylight,Municipal (excl. Twp. Rd.),No control,unknown,0,0,0,False,False,False,Clear,,False,RALGREEN CRES; RALGREEN CRES ; Near,1/30/2020 11:41:30 AM,,
48417,18-277149,1543598400000,2018,11,30,17,20,0,Friday,541068.0,4811108.0,0.0,0.0,Non intersection,2,P.D. only,Thru lane,unknown,unknown,Turning movement,Unknown,"Dusk, artificial","06 - Dusk, artificial",Municipal (excl. Twp. Rd.),No control,unknown,0,0,0,False,False,False,Clear,,False,PARK ST; PARK ST; Near,1/30/2020 11:41:29 AM,,
48418,18-277775,1543669920000,2018,12,1,13,12,0,Saturday,541068.0,4811108.0,0.0,0.0,Non intersection,2,P.D. only,Thru lane,unknown,unknown,Rear end,Unknown,Daylight,01 - Daylight,Regional municipality,No control,unknown,0,0,0,False,False,False,Clear,,False,KING ST E; SCOTT ST; Near,1/30/2020 11:41:28 AM,,
48419,18-278390,1543744380000,2018,12,2,9,53,0,Sunday,543280.07025,4811500.73316,-80.465049,43.455169999999995,Non intersection,1,Non-fatal injury,Thru lane,unknown,unknown,Sideswipe,Unknown,Daylight,01 - Daylight,unknown,No control,unknown,0,0,0,False,False,False,Rain,,False,KRUG ST; KRUG ST ; At; 80 M,2/19/2019 2:05:47 PM,,
48420,18-278391,1543744620000,2018,12,2,9,57,0,Sunday,541173.41931,4812721.17162,-80.490995,43.466277999999996,At intersection,1,Non-fatal injury,Within intersection,unknown,unknown,Angle,Unknown,Daylight,01 - Daylight,unknown,Stop sign,Functioning,0,0,0,False,False,False,Clear,,False,ST LEGER ST; FAIRFIELD AVE,2/19/2019 2:05:46 PM,,
48421,18-278417,1543003200000,2018,11,23,20,0,0,Friday,541068.0,4811108.0,0.0,0.0,At/near private drive,2,P.D. only,Thru lane,unknown,unknown,SMV unattended vehicle,Unknown,"Dark, artificial","08 - Dark, artificial",Municipal (excl. Twp. Rd.),No control,unknown,0,0,0,False,False,False,Clear,,False,ROSEWOOD DR; ROSEWOOD DR,1/30/2020 11:41:27 AM,,
48422,18-279111,1543771800000,2018,12,2,17,30,0,Sunday,538979.39488,4808993.02017,-80.518384,43.432826999999996,At/near private drive,2,P.D. only,Thru lane,unknown,unknown,SMV unattended vehicle,Unknown,"Dusk, artificial","06 - Dusk, artificial",unknown,No control,unknown,0,0,0,False,False,False,Clear,,False,OVERLEA DR; OVERLEA DR,2/19/2019 2:05:43 PM,,
48423,18-279125,1543828920000,2018,12,3,9,22,0,Monday,539317.45204,4810615.94411,-80.51409,43.447421999999996,At intersection,1,Non-fatal injury,Within intersection,unknown,unknown,Turning movement,Unknown,Daylight,01 - Daylight,unknown,Traffic signal,Functioning,0,0,0,False,False,False,Clear,,False,BELMONT AVE W; GAGE AVE,2/19/2019 2:05:41 PM,,
48424,18-279578,1543864860000,2018,12,3,19,21,0,Monday,536958.89456,4808795.22852,-80.54336099999999,43.431149,Non intersection,2,P.D. only,Thru lane,unknown,unknown,SMV unattended vehicle,Unknown,"Dark, artificial","08 - Dark, artificial",unknown,No control,unknown,0,0,0,False,False,False,Clear,,False,HIDDEN CREEK DR; HIDDEN CREEK DR ; Near; 1 M,2/19/2019 2:05:40 PM,,
48425,18-280334,1543947660000,2018,12,4,18,21,0,Tuesday,538841.99807,4805768.38559,-80.52031099999999,43.403799,Intersection related,2,P.D. only,Right shoulder,unknown,unknown,SMV unattended vehicle,Unknown,Dark,07 - Dark,unknown,Stop sign,Functioning,0,0,0,False,False,False,Clear,,False,ACTIVA AVE; ISAIAH DR,2/19/2019 2:05:38 PM,,
48426,18-281087,1543856400000,2018,12,3,17,0,0,Monday,542549.82868,4811154.75115,-80.474102,43.452096999999995,Non intersection,2,P.D. only,Right shoulder,unknown,unknown,SMV unattended vehicle,Unknown,Daylight,01 - Daylight,unknown,No control,unknown,0,0,0,False,False,False,Clear,,False,KRUG ST; KRUG ST; Near,2/19/2019 2:05:37 PM,,
48427,18-281104,1544022900000,2018,12,5,15,15,0,Wednesday,541068.0,4811108.0,0.0,0.0,Non intersection,2,P.D. only,Right shoulder,unknown,unknown,SMV unattended vehicle,Unknown,Daylight,01 - Daylight,Regional municipality,No control,unknown,0,0,0,False,False,False,Clear,,False,MORGAN AVE; MORGAN AVE,1/30/2020 11:41:26 AM,,
48428,18-281180,1544020200000,2018,12,5,14,30,0,Wednesday,546840.71596,4804257.45231,-80.421662,43.389738,Non intersection,2,P.D. only,Thru lane,unknown,unknown,Sideswipe,Unknown,Daylight,01 - Daylight,unknown,No control,unknown,0,0,0,False,False,False,Clear,,False,DOON SOUTH DR; HOMER WATSON BLVD,2/19/2019 2:05:36 PM,,
48429,18-281536,1544083800000,2018,12,6,8,10,0,Thursday,541982.17726,4810674.84075,-80.48115399999999,43.447807999999995,At intersection,2,P.D. only,Within intersection,unknown,unknown,Angle,Unknown,Daylight,01 - Daylight,unknown,Stop sign,Functioning,0,0,0,False,False,False,Snow,,False,MADISON AVE N; DUKE ST E,2/19/2019 2:05:34 PM,,
48430,18-281537,1544083800000,2018,12,6,8,10,0,Thursday,548085.13981,4804607.29184,-80.406267,43.392809,Non intersection,2,P.D. only,Thru lane,unknown,unknown,Angle,Unknown,Daylight,01 - Daylight,unknown,No control,unknown,0,0,0,False,False,False,Snow,,False,OLD MILL RD ; DOON VALLEY DR ; Near; 75 M,2/19/2019 2:05:33 PM,,
48431,18-281736,1544094000000,2018,12,6,11,0,0,Thursday,542583.05282,4810127.53512,-80.473771,43.442845999999996,Intersection related,2,P.D. only,Right shoulder,unknown,unknown,SMV other,Unknown,"Daylight, artificial","02 - Daylight, artificial",unknown,Traffic signal,Functioning,0,0,0,False,False,False,Snow,,False,BORDEN AVE N; KING ST E; 30 M,2/19/2019 2:05:32 PM,,