OBJECTID,ACCIDENTNUM,ACCIDENTDATE,ACCIDENT_YEAR,ACCIDENT_MONTH,ACCIDENT_DAY,ACCIDENT_HOUR,ACCIDENT_MINUTE,ACCIDENT_SECOND,ACCIDENT_WEEKDAY,XCOORD,YCOORD,LONGITUDE,LATITUDE,ACCIDENTLOCATION,COLLISIONTYPE,CLASSIFICATIONOFACCIDENT,IMPACTLOCATION,INITIALDIRECTIONOFTRAVELONE,INITIALDIRECTIONOFTRAVELTWO,INITIALIMPACTTYPE,INTTRAFFICCONTROL,LIGHT,LIGHTFORREPORT,ROADJURISDICTION,TRAFFICCONTROL,TRAFFICCONTROLCONDITION,THRULANENO,NORTHBOUNDDISOBEYCOUNT,SOUTHBOUNDDISOBEYCOUNT,PEDESTRIANINVOLVED,CYCLISTINVOLVED,MOTORCYCLISTINVOLVED,ENVIRONMENTCONDITION1,ENVIRONMENTCONDITION2,SELFREPORTED,XMLIMPORTNOTES,LASTEDITEDDATE,CREATE_BY,CREATE_DATE
48432,18-281846,1544100300000,2018,12,6,12,45,0,Thursday,541068.0,4811108.0,0.0,0.0,Intersection related,2,P.D. only,Thru lane,unknown,unknown,Other,Unknown,Daylight,01 - Daylight,Municipal (excl. Twp. Rd.),Stop sign,Functioning,0,0,0,False,False,False,Snow,,False,WATER ST S; HALLS LANE W,1/30/2020 11:41:25 AM,,
48433,18-281924,1544088300000,2018,12,6,9,25,0,Thursday,537944.94202,4810344.70849,-80.531071,43.445051,Non intersection,2,P.D. only,Not on roadway - right side,unknown,unknown,SMV other,Unknown,Daylight,01 - Daylight,unknown,No control,unknown,0,0,0,False,False,False,Snow,,False,WESTWOOD DR; WESTWOOD DR ; Near; 30 M,2/19/2019 2:05:31 PM,,
48434,18-281965,1544113260000,2018,12,6,16,21,0,Thursday,541129.30016,4812031.70568,-80.491592,43.460073,Intersection related,2,P.D. only,Not on roadway - left side,unknown,unknown,SMV other,Unknown,"Dusk, artificial","06 - Dusk, artificial",unknown,Stop sign,Functioning,0,0,0,False,False,False,Snow,,False,MARGARET AVE ; ADAM ST ; Near; 7 M,2/19/2019 2:05:30 PM,,
48435,18-282080,1544120820000,2018,12,6,18,27,0,Thursday,544141.32339,4808843.61244,-80.454619,43.431194999999995,At intersection,1,Non-fatal injury,Within intersection,unknown,unknown,Angle,Unknown,Dark,07 - Dark,unknown,Stop sign,Functioning,0,0,0,False,False,False,Snow,,False,CONNAUGHT ST ; FOURTH AVE,2/19/2019 2:05:28 PM,,
48436,18-282244,1544119020000,2018,12,6,17,57,0,Thursday,540352.73162,4806817.32251,-80.501577,43.413163999999995,Intersection related,2,Non-reportable,Not on roadway - left side,unknown,unknown,SMV other,Unknown,"Dark, artificial","08 - Dark, artificial",unknown,No control,unknown,0,0,0,False,False,False,Freezing Rain,,False,WILLIAMSBURG RD; DINISON CRES; 30 M,2/19/2019 2:05:26 PM,,
48437,18-282502,1544090400000,2018,12,6,10,0,0,Thursday,542025.80736,4808915.48802,-80.480751,43.431964,Non intersection,2,P.D. only,Not on roadway - right side,unknown,unknown,SMV other,Unknown,Daylight,01 - Daylight,unknown,Stop sign,Functioning,0,0,0,False,False,False,Snow,,False,DONLEY ST; HOFFMAN ST; Near; 10 M,2/19/2019 2:05:25 PM,,
48438,18-282705,1544181900000,2018,12,7,11,25,0,Friday,540912.19371,4807013.15735,-80.494652,43.414896999999996,At/near private drive,2,P.D. only,Thru lane,unknown,unknown,SMV unattended vehicle,Unknown,Daylight,01 - Daylight,unknown,No control,unknown,0,0,0,False,False,False,Snow,,False,BRIARGATE DR; BRIARGATE DR ; Near,2/19/2019 2:05:24 PM,,
48439,18-282708,1544191140000,2018,12,7,13,59,0,Friday,545144.25778,4807123.48719,-80.44237,43.415648,At intersection,2,P.D. only,Within intersection,unknown,unknown,Turning movement,Unknown,Daylight,01 - Daylight,unknown,Stop sign,Functioning,0,0,0,False,False,False,Clear,,False,GOODRICH DR ; WILSON AVE ; 2 M,2/19/2019 2:05:23 PM,,
48440,18-282724,1544131800000,2018,12,6,21,30,0,Thursday,544178.19793,4803739.15711,-80.454576,43.385233,Non intersection,2,P.D. only,Thru lane,unknown,unknown,SMV other,Unknown,Daylight,01 - Daylight,unknown,No control,unknown,0,0,0,False,False,False,Clear,,False,CARYNDALE DR; CHAPEL HILL DR; Near; 50 M,2/19/2019 2:05:21 PM,,
48441,18-282906,1544205660000,2018,12,7,18,1,0,Friday,545801.10009,4807888.65753,-80.434193,43.422497,Non intersection,2,P.D. only,Thru lane,unknown,unknown,SMV other,Unknown,Dark,07 - Dark,unknown,No control,unknown,0,0,0,False,False,False,Clear,,False,HIDDEN VALLEY RD; WABANAKI DR ; 200 M,2/19/2019 2:05:20 PM,,
48442,18-282919,1544205600000,2018,12,7,18,0,0,Friday,540569.78582,4812709.78394,-80.498458,43.466207999999995,Intersection related,2,P.D. only,Thru lane,unknown,unknown,SMV other,Stop sign,"Dark, artificial","08 - Dark, artificial",unknown,Stop sign,Functioning,0,0,0,False,False,False,Clear,,False,UNION ST; MARGARET AVE,2/19/2019 2:05:19 PM,,
48443,18-283333,1544263200000,2018,12,8,10,0,0,Saturday,544842.75928,4808247.83847,-80.446002,43.425788999999995,Intersection related,1,Non-fatal injury,Not on roadway - left side,unknown,unknown,SMV other,Unknown,Dark,07 - Dark,unknown,Stop sign,Functioning,0,0,0,False,False,False,Clear,,False,GREENFIELD AVE; TRAYNOR AVE ; 10 M,2/19/2019 2:05:18 PM,,
48444,18-284182,1544359800000,2018,12,9,12,50,0,Sunday,542865.30743,4803678.92164,-80.470789,43.384766,Non intersection,2,P.D. only,Thru lane,unknown,unknown,SMV unattended vehicle,Unknown,Daylight,01 - Daylight,unknown,No control,unknown,0,0,0,False,False,False,Clear,,False,ROCKCLIFFE DR; ROCKCLIFFE DR ; At; 2 M,2/19/2019 2:05:17 PM,,
48445,18-284652,1544423040000,2018,12,10,6,24,0,Monday,541068.0,4811108.0,0.0,0.0,Overpass or bridge,2,P.D. only,Right turn lane,unknown,unknown,Rear end,Unknown,Dawn,03 - Dawn,unknown,No control,unknown,0,0,0,False,False,False,Clear,,False,FOUNTAIN ST S TO 401 E ON  ; FOUNTAIN ST S TO 401 E ON  ; At; 15 M,2/19/2019 2:05:15 PM,,
48446,18-284721,1544431680000,2018,12,10,8,48,0,Monday,541451.70004,4812106.98649,-80.487601,43.460733,At intersection,2,P.D. only,Within intersection,unknown,unknown,Angle,Unknown,Daylight,01 - Daylight,unknown,Stop sign,Functioning,0,0,0,False,False,False,Clear,,False,LOUISA ST; ST LEGER ST,2/19/2019 2:05:14 PM,,
48447,18-284947,1544452800000,2018,12,10,14,40,0,Monday,541831.04713,4811990.32265,-80.48292099999999,43.459661,At/near private drive,2,P.D. only,Thru lane,unknown,unknown,Angle,Unknown,Daylight,01 - Daylight,unknown,No control,unknown,0,0,0,False,False,False,Clear,,False,LANCASTER ST W; LANCASTER ST W; At; 50 M,2/19/2019 2:05:13 PM,,
48448,18-285624,1544106600000,2018,12,6,14,30,0,Thursday,544883.03516,4804850.45455,-80.44578299999999,43.395196999999996,Intersection related,2,P.D. only,Thru lane,unknown,unknown,Rear end,Unknown,Daylight,01 - Daylight,unknown,Traffic signal,Functioning,0,0,0,False,False,False,Clear,,False,DOON VILLAGE RD; PIONEER DR,2/19/2019 2:05:10 PM,,
48449,18-285656,1543075200000,2018,11,24,16,0,0,Saturday,541276.36548,4810925.66845,-80.489858,43.450106,Non intersection,2,P.D. only,Thru lane,unknown,unknown,SMV unattended vehicle,Unknown,Daylight,01 - Daylight,unknown,No control,unknown,0,0,0,False,False,False,Rain,,False,KING ST W; KING ST W; Near,2/19/2019 2:05:09 PM,,
48450,18-286203,1544595360000,2018,12,12,6,16,0,Wednesday,541068.0,4811108.0,0.0,0.0,Intersection related,2,P.D. only,Not on roadway - left side,unknown,unknown,SMV other,Unknown,Dark,07 - Dark,unknown,Yield sign,Functioning,0,0,0,False,False,False,Clear,,False,AMAND DR ; SEABROOK DR ; At,2/19/2019 2:05:07 PM,,
48451,18-286426,1544605200000,2018,12,12,9,0,0,Wednesday,536674.82884,4807971.41633,-80.546926,43.423745,At/near private drive,2,P.D. only,Thru lane,unknown,unknown,Other,Unknown,Daylight,01 - Daylight,unknown,No control,unknown,0,0,0,False,False,False,Clear,,False,NEWBURY DR; NEWBURY DR ; Near,2/19/2019 2:05:06 PM,,
48452,18-286571,1544602500000,2018,12,12,8,15,0,Wednesday,539618.2188,4809620.29781,-80.510446,43.438441999999995,At/near private drive,2,P.D. only,Left turn lane,unknown,unknown,Sideswipe,Unknown,Daylight,01 - Daylight,unknown,No control,unknown,0,0,0,False,False,False,Clear,,False,LAWRENCE AVE ; HIGHLAND RD W,2/19/2019 2:05:05 PM,,
48453,18-286875,1544634000000,2018,12,12,17,0,0,Wednesday,546914.12216,4806977.86901,-80.42052199999999,43.414228,Non intersection,2,P.D. only,Right shoulder,unknown,unknown,SMV unattended vehicle,Unknown,Daylight,01 - Daylight,unknown,No control,unknown,0,0,0,False,False,False,Clear,,False,CANTERS CLOSE; HIDDEN VALLEY; At; 10 M,2/19/2019 2:05:01 PM,,
48454,18-287115,1544652000000,2018,12,12,22,0,0,Wednesday,547532.19136,4808083.18996,-80.412792,43.424141,At/near private drive,2,P.D. only,Thru lane,unknown,unknown,Turning movement,Unknown,Dark,07 - Dark,unknown,Stop sign,Functioning,0,0,0,False,False,False,Snow,,False,KING ST E; KING ST E; Near,2/19/2019 2:05:00 PM,,
48455,18-287408,1544707800000,2018,12,13,13,30,0,Thursday,549489.66002,4806210.85329,-80.38878,43.407156,At intersection,2,P.D. only,Within intersection,unknown,unknown,Turning movement,Unknown,Daylight,01 - Daylight,unknown,Stop sign,Functioning,0,0,0,False,False,False,Clear,,False,TU LANE ST; GATEWAY PARK DR,2/19/2019 2:04:59 PM,,
48456,18-287985,1544779320000,2018,12,14,9,22,0,Friday,541959.95232,4805246.76189,-80.48184599999999,43.398934,Non intersection,2,P.D. only,Not on roadway - left side,unknown,unknown,SMV other,Unknown,Daylight,01 - Daylight,unknown,No control,unknown,0,0,0,False,False,False,Rain,,False,TRILLIUM DR; TRILLIUM DR ; Near; 200 M,2/19/2019 2:04:58 PM,,
48457,18-288955,1544882400000,2018,12,15,14,0,0,Saturday,539701.1483,4806619.5606,-80.50963899999999,43.411418,At/near private drive,2,Non-reportable,Thru lane,unknown,unknown,Rear end,Unknown,Daylight,01 - Daylight,unknown,No control,unknown,0,0,0,False,False,False,Clear,,False,ACTIVA AVE; ACTIVA AVE,2/19/2019 2:04:56 PM,,
48458,18-288980,1544788800000,2018,12,14,12,0,0,Friday,541606.6206,4810798.73847,-80.48578599999999,43.448944,At/near private drive,2,P.D. only,Thru lane,unknown,unknown,Rear end,Unknown,Daylight,01 - Daylight,unknown,No control,unknown,0,0,0,False,False,False,Clear,,False,SCOTT ST; SCOTT ST,2/19/2019 2:04:55 PM,,
48459,18-289019,1544879700000,2018,12,15,13,15,0,Saturday,545164.88609,4808018.52231,-80.442041,43.423705,Non intersection,2,P.D. only,Left turn lane,unknown,unknown,Turning movement,Unknown,Daylight,01 - Daylight,unknown,No control,unknown,0,0,0,False,False,False,Clear,,False,KINGSWAY DR; KINGSWAY DR,2/19/2019 2:04:54 PM,,
48460,18-290323,1545037200000,2018,12,17,9,0,0,Monday,544805.93707,4805155.87111,-80.44671,43.397951,At intersection,2,P.D. only,Within intersection,unknown,unknown,Turning movement,Unknown,Daylight,01 - Daylight,unknown,Stop sign,Functioning,0,0,0,False,False,False,Clear,,False,DOON VILLAGE RD; FARRIER DR,2/19/2019 2:04:53 PM,,
48461,18-290385,1544647800000,2018,12,12,20,50,0,Wednesday,541528.70894,4810781.69213,-80.48675,43.448795,Non intersection,2,P.D. only,Thru lane,unknown,unknown,Other,Unknown,Daylight,01 - Daylight,unknown,No control,unknown,0,0,0,False,False,False,Clear,,False,KING ST E; KING ST E; Near,2/19/2019 2:04:52 PM,,
48462,18-290518,1545051600000,2018,12,17,13,0,0,Monday,540738.29453,4810716.31246,-80.496524,43.448249999999994,Non intersection,2,P.D. only,Right shoulder,unknown,unknown,SMV unattended vehicle,Unknown,Daylight,01 - Daylight,unknown,No control,unknown,0,0,0,False,False,False,Rain,,False,WATER ST S; JUBILEE DR,2/19/2019 2:04:51 PM,,
48463,18-291441,1545118200000,2018,12,18,7,30,0,Tuesday,540037.54514,4809942.58656,-80.505241,43.441320999999995,Non intersection,2,P.D. only,Thru lane,unknown,unknown,SMV unattended vehicle,Unknown,Dawn,03 - Dawn,unknown,No control,unknown,0,0,0,False,False,False,Clear,,False,PATRICIA AVE; PATRICIA AVE,2/19/2019 2:04:49 PM,,
48464,18-291566,1545169020000,2018,12,18,21,37,0,Tuesday,543073.95873,4812798.12115,-80.467494,43.466864,At intersection,1,Non-fatal injury,Within intersection,unknown,unknown,Approaching,Unknown,Dark,07 - Dark,unknown,Traffic signal,Functioning,0,0,0,False,False,False,Clear,,False,WELLINGTON ST N; RIVERBEND DR,2/19/2019 2:04:48 PM,,
48465,18-292183,1545237480000,2018,12,19,16,38,0,Wednesday,536853.05075,4808266.40465,-80.544705,43.426392,Intersection related,1,Non-fatal injury,Not on roadway - right side,unknown,unknown,SMV other,Unknown,Dark,07 - Dark,unknown,Stop sign,Functioning,0,0,0,False,False,False,Clear,,False,WESTFOREST TRAIL; BANKSIDE DR ; Near; 50 M,2/19/2019 2:04:47 PM,,
48466,18-292277,1545238800000,2018,12,19,17,0,0,Wednesday,545017.36744,4808742.36249,-80.443804,43.430232,Non intersection,2,P.D. only,Thru lane,unknown,unknown,SMV unattended vehicle,Unknown,"Dark, artificial","08 - Dark, artificial",unknown,No control,unknown,0,0,0,False,False,False,Clear,,False,ST JEROME CRES; ST JEROME CRES,2/19/2019 2:04:46 PM,,
48467,18-292895,1545309600000,2018,12,20,12,40,0,Thursday,543896.69533,4807891.72172,-80.457718,43.422639,At/near private drive,2,P.D. only,Thru lane,unknown,unknown,Other,Unknown,Daylight,01 - Daylight,unknown,No control,unknown,0,0,0,False,False,False,Clear,,False,VANIER DR; VANIER DR; At; 0 M,2/19/2019 2:04:44 PM,,
48468,18-293041,1545307200000,2018,12,20,12,0,0,Thursday,540118.59506,4808512.34689,-80.504344,43.428439,At/near private drive,2,P.D. only,Thru lane,unknown,unknown,SMV unattended vehicle,Unknown,Daylight,01 - Daylight,unknown,No control,unknown,0,0,0,False,False,False,Clear,,False,GREENBROOK DR; GREENBROOK DR; At; 1 M,2/19/2019 2:04:43 PM,,
48469,18-293106,1545322500000,2018,12,20,16,15,0,Thursday,545143.46535,4813471.46309,-80.44185499999999,43.472805,At railway crossing,2,P.D. only,Thru lane,unknown,unknown,Sideswipe,Unknown,Daylight,01 - Daylight,unknown,Traffic signal,Functioning,0,0,0,False,False,False,Clear,,False,BINGEMANS CENTRE DR; BINGEMANS CENTRE DR; Near,2/19/2019 2:04:42 PM,,
48470,18-293611,1545397200000,2018,12,21,13,0,0,Friday,539727.11701,4811094.3326,-80.50899299999999,43.451707999999996,Non intersection,2,P.D. only,Thru lane,unknown,unknown,Rear end,Unknown,Daylight,01 - Daylight,unknown,No control,unknown,0,0,0,False,False,False,Clear,,False,STRANGE ST; DOMINION ST; Near; 30 M,2/19/2019 2:04:41 PM,,
48471,18-293621,1545400800000,2018,12,21,14,0,0,Friday,536801.1692,4810222.57028,-80.545214,43.444008,Intersection related,2,P.D. only,Thru lane,unknown,unknown,Other,Unknown,Daylight,01 - Daylight,unknown,Traffic signal,Functioning,0,0,0,False,False,False,Clear,,False,UNIVERSITY AVE W; FISCHER HALLMAN RD ; 10 M,2/19/2019 2:04:38 PM,,
48472,18-293708,1545403500000,2018,12,21,14,45,0,Friday,545035.11829,4807869.22998,-80.443657,43.422368999999996,Intersection related,2,P.D. only,Thru lane,unknown,unknown,Turning movement,Unknown,Daylight,01 - Daylight,unknown,Traffic signal,Functioning,0,0,0,False,False,False,Clear,,False,WILSON AVE ; KINGSWAY DR ; At,2/19/2019 2:04:37 PM,,
48473,18-294211,1545427800000,2018,12,21,21,30,0,Friday,545869.11841,4809633.2049,-80.433206,43.438201,At/near private drive,2,P.D. only,Thru lane,unknown,unknown,SMV unattended vehicle,Unknown,"Dark, artificial","08 - Dark, artificial",unknown,No control,unknown,0,0,0,False,False,False,Clear,,False,SCENIC WOOD CRES; SCENIC WOOD CRES,2/19/2019 2:04:36 PM,,
48474,18-294970,1545496200000,2018,12,22,16,30,0,Saturday,536558.30661,4808794.25533,-80.548311,43.431159,At/near private drive,2,P.D. only,Thru lane,unknown,unknown,SMV unattended vehicle,Unknown,Daylight,01 - Daylight,unknown,No control,unknown,0,0,0,False,False,False,Clear,,False,LAUREL SPRINGS CRT; LAUREL SPRINGS CRT; At,2/19/2019 2:04:35 PM,,
48475,18-295243,1545595380000,2018,12,23,20,3,0,Sunday,538474.90244,4809666.43189,-80.52457,43.438917,Intersection related,2,P.D. only,Thru lane,unknown,unknown,SMV other,Unknown,"Daylight, artificial","02 - Daylight, artificial",unknown,Stop sign,Functioning,0,0,0,False,False,False,Snow,,False,MOOREGATE CRES; HAZELGLEN DR ; Near; 5 M,2/19/2019 2:04:34 PM,,
48476,18-295392,1545611100000,2018,12,24,0,25,0,Monday,536877.79051,4806620.80768,-80.54451,43.411573999999995,At/near private drive,2,P.D. only,Not on roadway - right side,unknown,unknown,SMV other,Unknown,Dark,07 - Dark,unknown,No control,unknown,0,0,0,False,False,False,Snow,,False,YELLOW BIRCH DR; YELLOW BIRCH DR ; At; 3 M,2/19/2019 2:04:32 PM,,
48477,18-295411,1545615000000,2018,12,24,1,30,0,Monday,536462.4441,4809201.65811,-80.54946799999999,43.434832,Non intersection,2,P.D. only,Thru lane,unknown,unknown,SMV unattended vehicle,Unknown,Dark,07 - Dark,unknown,No control,unknown,0,0,0,False,False,False,Rain,,False,WESTFOREST TRAIL; WESTFOREST TRAIL ; At; 2 M,2/19/2019 2:04:31 PM,,
48478,18-295514,1545588000000,2018,12,23,18,0,0,Sunday,536821.3261,4807170.57045,-80.545171,43.416526999999995,Non intersection,2,P.D. only,Thru lane,unknown,unknown,SMV unattended vehicle,Unknown,Dark,07 - Dark,unknown,No control,unknown,0,0,0,False,False,False,Clear,,False,HIGHVIEW DR; HIGHVIEW DR ; Near,2/19/2019 2:04:30 PM,,
48479,18-295639,1545526800000,2018,12,23,1,0,0,Sunday,542175.36294,4810721.7071,-80.478763,43.448218999999995,Non intersection,2,P.D. only,Thru lane,unknown,unknown,SMV unattended vehicle,Unknown,Dark,07 - Dark,unknown,No control,unknown,0,0,0,False,False,False,Clear,,False,CAMERON ST N; CAMERON ST N; At,2/19/2019 2:04:28 PM,,
48480,18-295652,1545564600000,2018,12,23,11,30,0,Sunday,537880.71242,4810722.91124,-80.531838,43.44846,Non intersection,2,P.D. only,Not on roadway - right side,unknown,unknown,SMV other,Unknown,Daylight,01 - Daylight,unknown,No control,unknown,0,0,0,False,False,False,Clear,,False,HUNTLEY CRES; INVERNESS DR; Near; 30 M,2/19/2019 2:04:27 PM,,
48481,18-297496,1545917400000,2018,12,27,13,30,0,Thursday,539213.50179,4806692.71248,-80.51565699999999,43.412102999999995,At/near private drive,2,P.D. only,Thru lane,unknown,unknown,SMV unattended vehicle,Unknown,Daylight,01 - Daylight,unknown,No control,unknown,0,0,0,False,False,False,Clear,,False,GREY FOX DR; GREY FOX DR; At; 0 M,2/19/2019 2:04:26 PM,,
48482,18-297797,1545946860000,2018,12,27,21,41,0,Thursday,543569.14497,4804978.54011,-80.461997,43.396428,Intersection related,2,P.D. only,Thru lane,unknown,unknown,Turning movement,Unknown,"Dark, artificial","08 - Dark, artificial",unknown,Traffic signal,Functioning,0,0,0,False,False,False,Rain,,False,HURON RD ; BATTLER RD,2/19/2019 2:04:24 PM,,
48483,18-298144,1545999300000,2018,12,28,12,15,0,Friday,545146.37184,4810416.69611,-80.442072,43.4453,At intersection,1,Non-fatal injury,Within intersection,unknown,unknown,Turning movement,Unknown,Daylight,01 - Daylight,unknown,Stop sign,Functioning,0,0,0,False,False,False,Clear,,False,BRADLEY DR; DOOLEY DR,2/19/2019 2:04:23 PM,,
48484,18-298245,1546007580000,2018,12,28,14,33,0,Friday,543988.9032,4811911.54635,-80.456255,43.458828,At/near private drive,2,P.D. only,Not on roadway - left side,unknown,unknown,SMV other,Unknown,Daylight,01 - Daylight,unknown,No control,unknown,0,0,0,False,False,False,Clear,,False,RIVER RD E; RIVER RD E; 3 M,2/19/2019 2:04:21 PM,,
48485,18-298299,1546013160000,2018,12,28,16,6,0,Friday,541560.06981,4810763.68063,-80.486364,43.448631,Other,2,P.D. only,Off highway,unknown,unknown,Rear end,Unknown,Dusk,05 - Dusk,unknown,No control,unknown,0,0,0,False,False,False,Clear,,False,KING ST E; Near; 15 M,2/19/2019 2:04:20 PM,,
48486,18-298903,1546092480000,2018,12,29,14,8,0,Saturday,544780.39343,4805276.77216,-80.44701599999999,43.399042,At/near private drive,2,P.D. only,Right turn lane,unknown,unknown,Sideswipe,Unknown,Daylight,01 - Daylight,unknown,Traffic signal,Functioning,0,0,0,False,False,False,Clear,,False,HOMER WATSON BLVD ; DOON VILLAGE RD ; Near; 4 M,2/19/2019 2:04:18 PM,,
48487,18-299045,1546105500000,2018,12,29,17,45,0,Saturday,545676.16274,4803969.49326,-80.436064,43.387217,At/near private drive,2,P.D. only,Thru lane,unknown,unknown,SMV unattended vehicle,Unknown,"Dark, artificial","08 - Dark, artificial",unknown,No control,unknown,0,0,0,False,False,False,Clear,,False,DOON MILLS DR; DOON MILLS DR ; At; 1 M,2/19/2019 2:04:16 PM,,
48488,18-299765,1546197960000,2018,12,30,19,26,0,Sunday,540217.37575,4805819.12857,-80.503322,43.404184,At intersection,2,P.D. only,Within intersection,unknown,unknown,Angle,Unknown,Dark,07 - Dark,unknown,Stop sign,Functioning,0,0,0,False,False,False,Clear,,False,COMMONWEALTH ST; MAX BECKER DR,2/19/2019 2:04:15 PM,,
48489,18-300121,1545517800000,2018,12,22,22,30,0,Saturday,546689.98978,4804121.6635,-80.42353399999999,43.388525,Non intersection,2,P.D. only,Thru lane,unknown,unknown,SMV other,Unknown,"Dark, artificial","08 - Dark, artificial",unknown,No control,unknown,0,0,0,False,False,False,Clear,,False,DOON VILLAGE RD; DOON VILLAGE RD,2/19/2019 2:04:13 PM,,
48490,19-000461,1546354560000,2019,1,1,14,56,0,Tuesday,545898.26548,4809800.11112,-80.43283199999999,43.439702,Intersection related,2,P.D. only,Not on roadway - right side,unknown,unknown,SMV other,Unknown,Daylight,01 - Daylight,unknown,Stop sign,Functioning,0,0,0,False,False,False,Clear,,False,OLD CHICOPEE DR ; VERONICA DR,2/19/2019 2:04:12 PM,,
48491,19-000489,1546356840000,2019,1,1,15,34,0,Tuesday,540924.32491,4806992.64264,-80.49450399999999,43.414712,Non intersection,2,P.D. only,Not on roadway - left side,unknown,unknown,SMV other,Unknown,Daylight,01 - Daylight,unknown,No control,unknown,0,0,0,False,False,False,Clear,,False,RADCLIFFE DR; BRIARGATE DR ; Near; 200 M,2/19/2019 2:04:11 PM,,
48492,19-000937,1546419660000,2019,1,2,9,1,0,Wednesday,543217.46343,4808898.26954,-80.46602899999999,43.431740999999995,Non intersection,2,P.D. only,Thru lane,unknown,unknown,SMV unattended vehicle,Unknown,Daylight,01 - Daylight,unknown,No control,unknown,0,0,0,False,False,False,Clear,,False,DIXON ST; DIXON ST ; 1 M,2/19/2019 2:04:09 PM,,
48493,19-000961,1546408800000,2019,1,2,6,0,0,Wednesday,541258.74617,4812531.35172,-80.489954,43.464563999999996,At intersection,2,P.D. only,Within intersection,unknown,unknown,Angle,Unknown,Daylight,01 - Daylight,unknown,Stop sign,Functioning,0,0,0,False,False,False,Clear,,False,GUELPH ST ; ST LEGER ST,2/19/2019 2:04:08 PM,,
48494,19-001214,1546440000000,2019,1,2,14,40,0,Wednesday,541375.16608,4811025.61797,-80.488629,43.451,At/near private drive,2,P.D. only,Thru lane,unknown,unknown,Other,Unknown,Daylight,01 - Daylight,unknown,No control,unknown,0,0,0,False,False,False,Clear,,False,DUKE ST W; DUKE ST W,2/19/2019 2:04:07 PM,,
48495,19-001394,1546454100000,2019,1,2,18,35,0,Wednesday,547783.91232,4811477.52922,-80.409385,43.454687,Non intersection,2,P.D. only,Thru lane,unknown,unknown,SMV unattended vehicle,Unknown,"Dark, artificial","08 - Dark, artificial",unknown,No control,unknown,0,0,0,False,False,False,Snow,,False,OLD ZELLER DR; OLD ZELLER DR,2/19/2019 2:04:06 PM,,
48496,19-001920,1546525560000,2019,1,3,14,26,0,Thursday,539110.44224,4811044.43587,-80.516618,43.451291,At/near private drive,2,P.D. only,Thru lane,unknown,unknown,Turning movement,Unknown,Daylight,01 - Daylight,unknown,No control,unknown,0,0,0,False,False,False,Clear,,False,GLASGOW ST ; BELMONT AVE W; At; 0 M,2/19/2019 2:04:05 PM,,
48497,19-002038,1546533000000,2019,1,3,16,30,0,Thursday,541044.44791,4807108.05007,-80.493011,43.415744,At/near private drive,2,P.D. only,Thru lane,unknown,unknown,Other,Unknown,Daylight,01 - Daylight,unknown,No control,unknown,0,0,0,False,False,False,Clear,,False,LAURENTIAN DR; LAURENTIAN DR,2/19/2019 2:04:03 PM,,
48498,19-002080,1546536600000,2019,1,3,17,30,0,Thursday,541068.0,4811108.0,0.0,0.0,At/near private drive,2,P.D. only,Not on roadway - right side,unknown,unknown,SMV other,Unknown,"Daylight, artificial","02 - Daylight, artificial",unknown,No control,unknown,0,0,0,False,False,False,Clear,,False,PINEGLEN CRES; PINEGLEN CRES ; Near; 1 M,2/19/2019 2:04:02 PM,,
48499,19-002319,1546570140000,2019,1,4,2,49,0,Friday,538418.43124,4810451.35967,-80.525212,43.445986999999995,Non intersection,1,Non-fatal injury,Thru lane,unknown,unknown,SMV unattended vehicle,Unknown,"Dark, artificial","08 - Dark, artificial",unknown,No control,unknown,0,0,0,False,False,False,Snow,,False,WESTWOOD DR; WESTWOOD DR ; 10 M,2/19/2019 2:04:00 PM,,
48500,19-002501,1546598760000,2019,1,4,10,46,0,Friday,541752.24588,4810337.84029,-80.484022,43.444786,Other,2,P.D. only,Other,unknown,unknown,SMV other,Unknown,Daylight,01 - Daylight,unknown,No control,unknown,0,0,0,False,False,False,Clear,,False,CHURCH ST,2/19/2019 2:03:59 PM,,
48501,19-002563,1546603200000,2019,1,4,12,0,0,Friday,540150.05135,4808611.80505,-80.503948,43.429333,Non intersection,2,P.D. only,Not on roadway - right side,unknown,unknown,SMV other,Unknown,Daylight,01 - Daylight,unknown,No control,unknown,0,0,0,False,False,False,Clear,,False,SHADYWOOD CR.; SHADYWOOD CR.; At; 15 M,2/19/2019 2:03:58 PM,,