OBJECTID,ACCIDENTNUM,ACCIDENTDATE,ACCIDENT_YEAR,ACCIDENT_MONTH,ACCIDENT_DAY,ACCIDENT_HOUR,ACCIDENT_MINUTE,ACCIDENT_SECOND,ACCIDENT_WEEKDAY,XCOORD,YCOORD,LONGITUDE,LATITUDE,ACCIDENTLOCATION,COLLISIONTYPE,CLASSIFICATIONOFACCIDENT,IMPACTLOCATION,INITIALDIRECTIONOFTRAVELONE,INITIALDIRECTIONOFTRAVELTWO,INITIALIMPACTTYPE,INTTRAFFICCONTROL,LIGHT,LIGHTFORREPORT,ROADJURISDICTION,TRAFFICCONTROL,TRAFFICCONTROLCONDITION,THRULANENO,NORTHBOUNDDISOBEYCOUNT,SOUTHBOUNDDISOBEYCOUNT,PEDESTRIANINVOLVED,CYCLISTINVOLVED,MOTORCYCLISTINVOLVED,ENVIRONMENTCONDITION1,ENVIRONMENTCONDITION2,SELFREPORTED,XMLIMPORTNOTES,LASTEDITEDDATE,CREATE_BY,CREATE_DATE
48640,19-157645,1562371200000,2019,7,6,0,0,0,Saturday,539088.73302,4810784.29972,-80.516905,43.448949999999996,Intersection related,2,P.D. only,Not on roadway - right side,unknown,unknown,SMV other,Unknown,Daylight,01 - Daylight,Municipal (excl. Twp. Rd.),unknown,unknown,0,0,0,False,False,False,Clear,,False,BRANDON AVE; MARINA RD,10/24/2019 10:07:56 AM,,
48641,19-157737,1562371200000,2019,7,6,0,0,0,Saturday,541342.28852,4809065.45864,-80.489184,43.433353,Intersection related,2,P.D. only,Within intersection,unknown,unknown,Angle,Unknown,Daylight,01 - Daylight,Municipal (excl. Twp. Rd.),unknown,Functioning,0,0,0,False,False,False,Clear,,False,HIGHLAND RD E; HEIMAN ST,10/24/2019 10:07:57 AM,,
48642,19-158094,1562371200000,2019,7,6,0,0,0,Saturday,538071.69518,4807550.18252,-80.5297,43.419882,At intersection,2,P.D. only,Thru lane,unknown,unknown,Rear end,Unknown,"Daylight, artificial","02 - Daylight, artificial",Municipal (excl. Twp. Rd.),unknown,Functioning,0,0,0,False,False,False,Clear,,False,WESTHEIGHTS DR; MCGARRY DR,10/24/2019 10:08:00 AM,,
48643,19-158700,1562457600000,2019,7,7,0,0,0,Sunday,539560.74496,4809022.45488,-80.51119899999999,43.433062,Non intersection,1,Non-fatal injury,Thru lane,unknown,unknown,SMV unattended vehicle,Unknown,Daylight,01 - Daylight,Municipal (excl. Twp. Rd.),No control,unknown,0,0,0,False,False,False,Clear,,False,QUEENS BLVD; WESTMOUNT RD E; ; 100 M,10/24/2019 10:07:38 AM,,
48644,19-161341,1562716800000,2019,7,10,0,0,0,Wednesday,539703.23665,4810376.94496,-80.50934,43.44525,Other,1,Non-fatal injury,Off highway,unknown,unknown,Angle,Unknown,Daylight,01 - Daylight,Private property,No control,unknown,0,0,0,False,True,False,Clear,,False,PATRICIA AVE; ; At,10/24/2019 10:07:13 AM,,
48645,19-162189,1562803200000,2019,7,11,0,0,0,Thursday,542559.60444,4812550.40353,-80.473872,43.464662999999994,At intersection,1,Non-fatal injury,Within intersection,unknown,unknown,Angle,Unknown,Daylight,01 - Daylight,Municipal (excl. Twp. Rd.),unknown,Functioning,0,0,0,False,False,False,Clear,,False,WELLINGTON ST N; 85 S OFF TO WELLINGTON ST N,10/24/2019 10:07:30 AM,,
48646,19-163012,1562889600000,2019,7,12,0,0,0,Friday,542307.28949,4811038.7987,-80.477108,43.451066999999995,Intersection related,2,P.D. only,Within intersection,unknown,unknown,Angle,Unknown,Daylight,01 - Daylight,Regional municipality,unknown,Functioning,0,0,0,False,False,False,Clear,,False,KRUG ST; SAMUEL ST; At; 5 M,10/24/2019 10:08:01 AM,,
48647,19-163225,1562889600000,2019,7,12,0,0,0,Friday,544896.95698,4811396.1907,-80.445073,43.454133999999996,Non intersection,1,Non-fatal injury,Thru lane,unknown,unknown,Sideswipe,Unknown,Daylight,01 - Daylight,Municipal (excl. Twp. Rd.),No control,unknown,0,0,0,False,False,False,Clear,,False,BRECKENRIDGE DR; 50 BRECKENRIDGE DR; At; 5 M,10/24/2019 10:08:04 AM,,
48648,19-163328,1562889600000,2019,7,12,0,0,0,Friday,547357.4053,4804245.23947,-80.415284,43.389595,Intersection related,2,P.D. only,Not on roadway - left side,unknown,unknown,SMV other,Unknown,Dusk,05 - Dusk,Municipal (excl. Twp. Rd.),unknown,Functioning,0,0,0,False,False,False,Clear,,False,PRIVATE LAWN; PINNACLE DR; Near; 6 M,10/24/2019 10:08:08 AM,,
48649,19-165130,1563148800000,2019,7,15,0,0,0,Monday,545094.16752,4808424.48983,-80.442882,43.427364999999995,At/near private drive,2,P.D. only,Right shoulder,unknown,unknown,SMV unattended vehicle,Unknown,Dark,07 - Dark,Municipal (excl. Twp. Rd.),No control,unknown,0,0,0,False,False,False,Clear,,False,CEDARWOODS CRES; CEDARWOODS CRES; At; 5 M,10/24/2019 10:08:09 AM,,
48650,19-168364,1563408000000,2019,7,18,0,0,0,Thursday,543663.85277,4804889.28429,-80.46083399999999,43.395618,Intersection related,2,P.D. only,Thru lane,unknown,unknown,SMV unattended vehicle,Unknown,"Daylight, artificial","02 - Daylight, artificial",Regional municipality,unknown,Functioning,0,0,0,False,False,False,Clear,,False,OLD HURON RD; BATTLER RD; Near; 30 M,10/24/2019 10:08:10 AM,,
48651,19-168969,1563494400000,2019,7,19,0,0,0,Friday,541637.98437,4805541.40716,-80.485799,43.401604999999996,At intersection,1,Non-fatal injury,Within intersection,unknown,unknown,Angle,Unknown,Daylight,01 - Daylight,Municipal (excl. Twp. Rd.),unknown,Functioning,0,0,0,False,True,False,Clear,,False,WASHBURN DR; TRILLIUM DR,10/24/2019 10:08:12 AM,,
48652,19-169359,1563580800000,2019,7,20,0,0,0,Saturday,544014.89014,4808542.59791,-80.456206,43.428492999999996,At intersection,1,Non-fatal injury,Not on roadway - right side,unknown,unknown,SMV other,Unknown,"Dark, artificial","08 - Dark, artificial",Municipal (excl. Twp. Rd.),unknown,Functioning,0,0,0,False,False,False,Clear,,False,WILSON AVE; FOURTH AVE,10/24/2019 10:08:14 AM,,
48653,19-169706,1563580800000,2019,7,20,0,0,0,Saturday,540824.10234,4811303.1771,-80.495419,43.45353,Non intersection,1,Non-fatal injury,Not on roadway - right side,unknown,unknown,SMV other,Unknown,Daylight,01 - Daylight,Regional municipality,No control,unknown,0,0,0,False,False,False,Clear,,False,DUKE ST W; VICTORIA ST N; Near; 75 M,10/24/2019 10:08:16 AM,,
48654,19-169713,1563580800000,2019,7,20,0,0,0,Saturday,538627.48093,4807727.0839,-80.52282199999999,43.421447,At intersection,1,Non-fatal injury,Thru lane,unknown,unknown,Rear end,Unknown,Daylight,01 - Daylight,Regional municipality,unknown,unknown,0,0,0,False,False,False,Clear,,False,MCGARRY DR; PINEHURST CRES,10/24/2019 10:08:18 AM,,
48655,19-170335,1563667200000,2019,7,21,0,0,0,Sunday,542670.16715,4806929.11472,-80.472945,43.414041999999995,At intersection,1,Non-fatal injury,Off highway,unknown,unknown,SMV other,Unknown,"Dark, artificial","08 - Dark, artificial",Municipal (excl. Twp. Rd.),unknown,Functioning,0,0,0,False,False,False,Clear,,False,OLD COUNTRY DR; COUNTRY HILL DR,10/24/2019 10:08:20 AM,,
48656,19-170751,1563667200000,2019,7,21,0,0,0,Sunday,539640.20187,4807404.39522,-80.510335,43.418487999999996,At/near private drive,2,P.D. only,Thru lane,unknown,unknown,Rear end,Unknown,Daylight,01 - Daylight,Regional municipality,No control,unknown,0,0,0,False,False,False,Clear,,False,VALLEYVIEW RD; VALLEYVIEW RD; At; 10 M,10/24/2019 10:08:21 AM,,
48657,19-171657,1563753600000,2019,7,22,0,0,0,Monday,546857.49457,4811246.60798,-80.420855,43.452667,Non intersection,2,P.D. only,Thru lane,unknown,unknown,Sideswipe,Unknown,Daylight,01 - Daylight,Regional municipality,No control,unknown,0,0,0,False,False,False,Clear,,False,ZELLER DR; JANET CRT; ; 30 M,10/24/2019 10:08:22 AM,,
48658,19-173088,1563926400000,2019,7,24,0,0,0,Wednesday,548346.84284,4804583.12652,-80.403038,43.392575,Non intersection,1,Non-fatal injury,Thru lane,unknown,unknown,Turning movement,Unknown,Daylight,01 - Daylight,Municipal (excl. Twp. Rd.),No control,unknown,0,0,0,False,False,False,Clear,,False,DOON VALLEY DR; DOON VALLEY DR; At; 2 M,10/24/2019 10:08:06 AM,,
48659,19-173400,1563926400000,2019,7,24,0,0,0,Wednesday,537355.25834,4809950.86744,-80.53838499999999,43.441534,At/near private drive,1,Non-fatal injury,Thru lane,unknown,unknown,SMV unattended vehicle,Unknown,Daylight,01 - Daylight,Municipal (excl. Twp. Rd.),No control,unknown,0,0,0,True,False,False,Clear,,False,WESTWOOD DR; WESTWOOD DR; At; 1 M,10/24/2019 10:08:23 AM,,
48660,19-173928,1564012800000,2019,7,25,0,0,0,Thursday,537511.46274,4808815.99725,-80.53653299999999,43.431308,At/near private drive,2,P.D. only,Off highway,unknown,unknown,SMV other,Unknown,Daylight,01 - Daylight,Private property,No control,unknown,0,0,0,False,False,False,Clear,,False,EASTFOREST TRAIL; EASTFOREST TRAIL; ; 9 M,10/24/2019 10:08:25 AM,,
48661,19-176123,1564185600000,2019,7,27,0,0,0,Saturday,548005.52118,4806203.42765,-80.40711,43.407185999999996,Non intersection,2,P.D. only,Thru lane,unknown,unknown,SMV unattended vehicle,Unknown,Daylight,01 - Daylight,Municipal (excl. Twp. Rd.),No control,unknown,0,0,0,False,False,False,Clear,,False,DEER RIDGE DR; DEER RIDGE DR; At; 1 M,10/24/2019 10:08:29 AM,,
48662,19-176312,1564185600000,2019,7,27,0,0,0,Saturday,538369.38136,4809770.22867,-80.525866,43.439856999999996,Non intersection,2,P.D. only,Right shoulder,unknown,unknown,SMV unattended vehicle,Unknown,Dark,07 - Dark,Municipal (excl. Twp. Rd.),No control,unknown,0,0,0,False,False,False,Clear,,False,HAZELGLEN DR; HAZELGLEN DR; At; 6 M,10/24/2019 10:08:30 AM,,
48663,19-176682,1564272000000,2019,7,28,0,0,0,Sunday,543584.47888,4804802.09615,-80.461821,43.394838,Intersection related,2,P.D. only,Thru lane,unknown,unknown,SMV unattended vehicle,Unknown,Dawn,03 - Dawn,Municipal (excl. Twp. Rd.),unknown,Functioning,0,0,0,False,False,False,Clear,,False,OLD HURON RD; MARIANNE DORN TRAIL; At,10/24/2019 10:08:31 AM,,
48664,19-177734,1564358400000,2019,7,29,0,0,0,Monday,541074.65915,4813134.19474,-80.492184,43.470002,Non intersection,2,P.D. only,Right shoulder,unknown,unknown,SMV unattended vehicle,Unknown,Daylight,01 - Daylight,Municipal (excl. Twp. Rd.),No control,unknown,0,0,0,False,False,False,Clear,,False,UNION ST; UNION ST; Near; 1 M,10/24/2019 10:08:33 AM,,
48665,19-177887,1564358400000,2019,7,29,0,0,0,Monday,542581.4422,4810126.70841,-80.47379099999999,43.442839,Intersection related,2,P.D. only,Within intersection,unknown,unknown,Rear end,Unknown,"Dark, artificial","08 - Dark, artificial",Regional municipality,unknown,Functioning,0,0,0,False,False,False,Rain,,False,KING ST E; BORDEN AVE N; At,10/24/2019 10:08:34 AM,,
48666,19-179973,1564617600000,2019,8,1,0,0,0,Thursday,542905.58756,4812718.04756,-80.469582,43.466153,At intersection,1,Non-fatal injury,Within intersection,unknown,unknown,Angle,Unknown,Daylight,01 - Daylight,Municipal (excl. Twp. Rd.),unknown,Functioning,0,0,1,False,False,False,Clear,,False,WELLINGTON ST N; 85 N OFF TO WELLINGTON ST N N,10/24/2019 10:08:37 AM,,
48667,19-180519,1564617600000,2019,8,1,0,0,0,Thursday,539675.83734,4806484.95822,-80.50996099999999,43.410208,At intersection,1,Non-fatal injury,Within intersection,unknown,unknown,Angle,Unknown,Daylight,01 - Daylight,Township,unknown,Functioning,0,1,0,False,True,False,Clear,,False,WILDERNESS DR; ACTIVA AVE,10/24/2019 10:08:38 AM,,
48668,19-181902,1564790400000,2019,8,3,0,0,0,Saturday,541359.64615,4808641.95986,-80.489002,43.429538,At intersection,1,Non-fatal injury,Within intersection,unknown,unknown,Turning movement,Unknown,Daylight,01 - Daylight,Regional municipality,unknown,Functioning,0,0,0,False,False,False,Clear,,False,HOMER WATSON BLVD; HOFFMAN ST,10/24/2019 10:08:39 AM,,
48669,19-186676,1565308800000,2019,8,9,0,0,0,Friday,541509.15782,4809198.95067,-80.487112,43.434545,Intersection related,1,Non-fatal injury,Thru lane,unknown,unknown,Rear end,Unknown,Daylight,01 - Daylight,Municipal (excl. Twp. Rd.),unknown,unknown,0,0,0,False,False,False,Clear,,False,KEHL ST; HEIMAN ST; ; 20 M,10/24/2019 10:08:41 AM,,
48670,19-187927,1565481600000,2019,8,11,0,0,0,Sunday,542855.97953,4803897.478,-80.47088699999999,43.386734999999994,Non intersection,2,P.D. only,Thru lane,unknown,unknown,SMV unattended vehicle,Unknown,Dark,07 - Dark,Regional municipality,No control,unknown,0,0,0,False,False,False,Clear,,False,TUDOR ST; TUDOR ST; Near; 30 M,10/24/2019 10:08:42 AM,,
48671,19-188290,1565481600000,2019,8,11,0,0,0,Sunday,546063.1918,4809493.4196,-80.43082,43.436931,At intersection,2,P.D. only,Within intersection,unknown,unknown,Angle,Unknown,Daylight,01 - Daylight,Regional municipality,unknown,Functioning,0,0,0,False,False,False,Clear,,False,KINZIE AVE; RIVER RD E; ; 0 M,10/24/2019 10:08:43 AM,,
48672,19-188911,1565568000000,2019,8,12,0,0,0,Monday,542626.55111,4804000.23064,-80.47371199999999,43.387673,At intersection,2,P.D. only,Within intersection,unknown,unknown,Rear end,Unknown,Daylight,01 - Daylight,Regional municipality,unknown,Functioning,0,0,0,False,False,False,Clear,,False,HURON RD; FEATHERSTONE ST,10/24/2019 10:08:46 AM,,
48673,19-188967,1565568000000,2019,8,12,0,0,0,Monday,544778.91678,4804997.65435,-80.447057,43.396527999999996,Non intersection,2,P.D. only,Thru lane,unknown,unknown,Rear end,Unknown,Daylight,01 - Daylight,Municipal (excl. Twp. Rd.),No control,unknown,0,0,0,False,False,False,Clear,,False,MILLWOOD CRES; DOON VALLEY DR; ; 50 M,10/24/2019 10:08:47 AM,,
48674,19-190812,1565740800000,2019,8,14,0,0,0,Wednesday,541662.31685,4810408.96948,-80.485128,43.445432,At intersection,2,P.D. only,Within intersection,unknown,unknown,Angle,Unknown,Daylight,01 - Daylight,Regional municipality,unknown,Functioning,0,0,0,False,False,False,Clear,,False,CEDAR ST S; CHURCH ST,10/24/2019 10:08:48 AM,,
48675,19-191351,1565827200000,2019,8,15,0,0,0,Thursday,541256.40784,4811455.62851,-80.490065,43.454879,Intersection related,1,Non-fatal injury,Not on roadway - right side,unknown,unknown,SMV other,Unknown,Daylight,01 - Daylight,Municipal (excl. Twp. Rd.),unknown,Functioning,0,0,0,False,False,False,Clear,,False,AHRENS ST W; MAYNARD AVE,10/24/2019 10:08:49 AM,,
48676,19-191413,1565827200000,2019,8,15,0,0,0,Thursday,542444.23437,4811614.47053,-80.475371,43.456241999999996,Non intersection,2,P.D. only,Not on roadway - right side,unknown,unknown,SMV other,Unknown,Daylight,01 - Daylight,Regional municipality,No control,unknown,0,0,0,False,False,False,Clear,,False,EAST AVE; EAST AVE; ; 6 M,10/24/2019 10:08:50 AM,,
48677,19-192367,1565913600000,2019,8,16,0,0,0,Friday,541829.49223,4807821.10821,-80.48326,43.422121,Intersection related,1,Non-fatal injury,Off highway,unknown,unknown,SMV other,Unknown,Daylight,01 - Daylight,Township,unknown,unknown,0,0,0,False,False,False,Clear,,False,KINGSWOOD DR; ROBERTS CRES; Near; 1 M,10/24/2019 10:08:51 AM,,
48678,19-194025,1566086400000,2019,8,18,0,0,0,Sunday,542763.67037,4811565.35475,-80.47142699999999,43.455782,Intersection related,1,Non-fatal injury,Right shoulder,unknown,unknown,SMV other,Unknown,Daylight,01 - Daylight,Regional municipality,unknown,Functioning,0,0,0,False,False,True,Clear,,False,DUMFRIES AVE; CHAPEL ST; ; 8 M,10/24/2019 10:08:52 AM,,
48679,19-194235,1566086400000,2019,8,18,0,0,0,Sunday,546062.6789,4809490.63709,-80.430827,43.436906,At intersection,1,Non-fatal injury,Within intersection,unknown,unknown,Angle,Unknown,Daylight,01 - Daylight,Regional municipality,unknown,Functioning,0,0,0,False,False,False,Clear,,False,KINZIE AVE; RIVER RD E,10/24/2019 10:08:44 AM,,
48680,19-194467,1566172800000,2019,8,19,0,0,0,Monday,546098.39377,4811085.53261,-80.430251,43.451263999999995,At/near private drive,2,P.D. only,Not on roadway - left side,unknown,unknown,SMV other,Unknown,Daylight,01 - Daylight,Municipal (excl. Twp. Rd.),No control,unknown,0,0,0,False,False,False,Clear,,False,OLDFIELD DR; OLDFIELD DR; At; 3 M,10/24/2019 10:08:53 AM,,
48681,19-197531,1566432000000,2019,8,22,0,0,0,Thursday,545575.71531,4808931.87013,-80.43688999999999,43.431903999999996,Non intersection,2,P.D. only,Thru lane,unknown,unknown,SMV unattended vehicle,Unknown,Daylight,01 - Daylight,Municipal (excl. Twp. Rd.),No control,unknown,0,0,0,False,False,False,Clear,,False,HUBER ST; HUBER ST; At; 4 M,10/24/2019 10:08:55 AM,,
48682,19-202241,1566950400000,2019,8,28,0,0,0,Wednesday,542453.84777,4807263.59998,-80.475591,43.417066,At/near private drive,2,P.D. only,Right shoulder,unknown,unknown,SMV other,Unknown,"Dark, artificial","08 - Dark, artificial",Township,No control,unknown,0,0,0,False,False,False,Clear,,False,COUNTRY HILL DR; COUNTRY HILL DR; Near; 20 M,10/24/2019 10:08:56 AM,,
48683,19-204428,1567209600000,2019,8,31,0,0,0,Saturday,542581.93822,4810126.44722,-80.47378499999999,43.442836,Intersection related,1,Non-fatal injury,Thru lane,unknown,unknown,Rear end,Unknown,Daylight,01 - Daylight,Regional municipality,unknown,unknown,0,0,0,False,False,False,Clear,,False,KING ST E; KING ST E; At; 1 M,10/24/2019 10:08:36 AM,,
48684,19000461,1546354560000,2019,1,1,14,56,0,Tuesday,545897.48586,4809799.15163,-80.432842,43.439693999999996,Intersection related,2,P.D. only,Not on roadway - right side,unknown,unknown,SMV other,Unknown,Daylight,01 - Daylight,Municipal (excl. Twp. Rd.),Stop sign,Functioning,0,0,0,False,False,False,Clear,,False,Road 1: OLD CHICOPEE DR (50 km/h); Road 2: VERONICA DR (50 km/h); Vehicle #1     Make: NISS     Model: PFI     Colour: BLK     Style: TY,4/9/2021 4:26:57 PM,,
48685,19000489,1546356840000,2019,1,1,15,34,0,Tuesday,540923.26781,4806988.98471,-80.494517,43.414679,Non intersection,2,P.D. only,Not on roadway - left side,unknown,unknown,SMV other,Unknown,Daylight,01 - Daylight,Municipal (excl. Twp. Rd.),No control,unknown,0,0,0,False,False,False,Clear,,False,Road 1: RADCLIFFE DR (50 km/h); Road 2: BRIARGATE DR; Distance: 200.0 M S; Vehicle #1     Make: MAZD     Model: M3I     Colour: WHI     Style: 4D,4/9/2021 4:25:29 PM,,
48686,19000937,1546419660000,2019,1,2,9,1,0,Wednesday,543218.02955,4808898.02621,-80.466022,43.431739,Non intersection,2,P.D. only,Thru lane,unknown,unknown,SMV unattended vehicle,Unknown,Daylight,01 - Daylight,Municipal (excl. Twp. Rd.),No control,unknown,1,0,0,False,False,False,Clear,,False,Road 1: 307 DIXON ST (50 km/h); Road 2: DIXON ST; Distance: 1.0 M E; Vehicle #1     Make: VOLK     Model: JGS     Colour: BLK     Style: 4D; Vehicle #2     Make: JEEP     Model: CPT     Colour: RED     Style: TY,4/9/2021 4:25:36 PM,,
48687,19000961,1546408800000,2019,1,2,6,0,0,Wednesday,541257.16179,4812530.70477,-80.48997399999999,43.464558,At intersection,2,P.D. only,Within intersection,unknown,unknown,Angle,Unknown,Dark,07 - Dark,Municipal (excl. Twp. Rd.),Stop sign,Functioning,0,0,0,False,False,False,Clear,,False,Road 1: GUELPH ST (50 km/h); Road 2: ST LEGER ST (50 km/h); Vehicle #1     Make: CHEV     Model: SIL     Colour: RED     Style: PK; Vehicle #2     Make: HOND     Model: UDY     Colour: BLU     Style: TY; Vehicle #3     Make: PONT     Model: GTP     Colour,4/9/2021 4:28:24 PM,,
48688,19001214,1546440000000,2019,1,2,14,40,0,Wednesday,541372.41052,4811026.38695,-80.488663,43.451007,At/near private drive,2,P.D. only,Thru lane,unknown,unknown,Other,Unknown,Daylight,01 - Daylight,Regional municipality,No control,unknown,1,0,0,False,False,False,Clear,,True,Road 1: 7 DUKE ST W (50 km/h); Road 2: DUKE ST W; Vehicle #1     Make: WORK     Model: W31     Colour: BRN     Style: PD; Vehicle #2     Make: FORD     Model: COF     Colour: BLK     Style: PK,4/9/2021 4:29:25 PM,,
48689,19001394,1546454100000,2019,1,2,18,35,0,Wednesday,547786.9338,4811477.35128,-80.409348,43.454685999999995,Non intersection,2,P.D. only,Thru lane,unknown,unknown,SMV unattended vehicle,Unknown,"Dark, artificial","08 - Dark, artificial",Municipal (excl. Twp. Rd.),No control,unknown,1,0,0,False,False,False,Snow,,True,Road 1: 1278 OLD ZELLER DR (50 km/h); Road 2: OLD ZELLER DR; Vehicle #1     Make: NISS     Model: MSV     Colour: BRN     Style: 4D; Vehicle #2     Make: NISS     Model: LFS     Colour: RED     Style: 4B,4/9/2021 4:25:38 PM,,
48690,19001920,1546525560000,2019,1,3,14,26,0,Thursday,539110.07266,4811045.20036,-80.516622,43.451298,At/near private drive,2,P.D. only,Thru lane,unknown,unknown,Sideswipe,Unknown,Daylight,01 - Daylight,Municipal (excl. Twp. Rd.),No control,unknown,1,0,0,False,False,False,Clear,,False,Road 1: 604 GLASGOW ST (50 km/h); Road 2: BELMONT AVE W; Distance: 0.0 M S; Vehicle #1     Make: TOYT     Model: MTL     Colour: RED     Style: 4D; Vehicle #2     Make: HYUN     Model: TUC     Colour: RED     Style: TY,4/9/2021 4:29:08 PM,,
48691,19002038,1546533000000,2019,1,3,16,30,0,Thursday,541043.64829,4807109.52705,-80.493021,43.415758,At/near private drive,2,P.D. only,Thru lane,unknown,unknown,Other,Unknown,Daylight,01 - Daylight,Municipal (excl. Twp. Rd.),No control,unknown,1,0,0,False,False,False,Clear,,True,Road 1: 191 LAURENTIAN DR (50 km/h); Road 2: LAURENTIAN DR; Vehicle #1     Make: ACUR     Model: AWT     Colour: BLK     Style: 4D; Vehicle #2     Make: HYUN     Model: ESM     Colour: BLU     Style: 4D,4/9/2021 4:29:25 PM,,
48692,19002319,1546570140000,2019,1,4,2,49,0,Friday,538418.76164,4810451.21618,-80.52520799999999,43.445986,Non intersection,1,Non-fatal injury,Thru lane,unknown,unknown,SMV unattended vehicle,Unknown,"Dark, artificial","08 - Dark, artificial",Municipal (excl. Twp. Rd.),No control,unknown,1,0,0,False,False,False,Snow,,False,Road 1: 57 WESTWOOD DR (50 km/h); Road 2: WESTWOOD DR; Distance: 10.0 M W; Vehicle #1     Make: NISS     Model: VSL     Colour: BLK     Style: 4B; Vehicle #2     Make: TOYT     Model: MTL     Colour: BLU     Style: 4D,4/9/2021 4:25:37 PM,,
48693,19002563,1546603200000,2019,1,4,12,0,0,Friday,540149.54852,4808611.25823,-80.503954,43.429328,Non intersection,2,P.D. only,Not on roadway - right side,unknown,unknown,SMV other,Unknown,Daylight,01 - Daylight,Municipal (excl. Twp. Rd.),No control,unknown,0,0,0,False,False,False,Clear,,False,Road 1: 96 SHADYWOOD CR. (50 km/h); Road 2: SHADYWOOD CR.; Distance: 15.0 M S; Vehicle #1     Make: FORD     Model: EPR     Colour: GRY     Style: TY,3/26/2021 11:53:07 AM,,
48694,19002910,1546633560000,2019,1,4,20,26,0,Friday,545834.14895,4802617.18284,-80.43422699999999,43.375031,At intersection,2,P.D. only,Within intersection,unknown,unknown,Angle,Unknown,Dark,07 - Dark,Municipal (excl. Twp. Rd.),unknown,Functioning,0,0,0,False,False,False,Clear,,False,Road 1: DOON SOUTH DR (50 km/h); Road 2: THOMAS SLEE DR (50 km/h); Vehicle #1     Make: HYUN     Model: ESM     Colour: GRY     Style: 4D; Vehicle #2     Make: KIA     Model: OPTI     Colour: GRY     Style: PAS,4/9/2021 4:28:11 PM,,
48695,19003274,1546628400000,2019,1,4,19,0,0,Friday,540982.81359,4811065.42307,-80.49347499999999,43.45138,At intersection,2,P.D. only,Within intersection,unknown,unknown,Turning movement,Unknown,Dark,07 - Dark,Municipal (excl. Twp. Rd.),unknown,Functioning,0,0,0,False,False,False,Clear,,False,Road 1: KING ST W (50 km/h); Road 2: COLLEGE ST (50 km/h); Vehicle #1     Make: NISS     Model: VNR     Colour: BLK     Style: 4B; Vehicle #2     Make: CHEV     Model: BSS     Colour: BLK     Style: 4D,4/27/2022 10:38:52 AM,,
48696,19003429,1546694400000,2019,1,5,13,20,0,Saturday,543761.6986,4807836.25972,-80.45939,43.422146999999995,At/near private drive,2,P.D. only,Not on roadway - right side,unknown,unknown,Angle,Unknown,Daylight,01 - Daylight,Municipal (excl. Twp. Rd.),No control,unknown,0,0,0,False,True,False,Clear,,False,Road 1: SHELLEY DR (50 km/h); Road 2: COURTLAND AVE E; Distance: 85.0 M N; Vehicle #1     Make: HOND     Model: CRV     Colour: GRY     Style: 4W; Vehicle #2     Make:      Model: BICY     Colour:      Style:,4/9/2021 4:29:15 PM,,
48697,19003555,1546705140000,2019,1,5,16,19,0,Saturday,545483.63491,4804349.33045,-80.438409,43.390648999999996,At intersection,2,Non-reportable,Within intersection,unknown,unknown,SMV other,Unknown,"Daylight, artificial","02 - Daylight, artificial",Municipal (excl. Twp. Rd.),Stop sign,Functioning,0,0,0,False,False,False,Clear,,False,Road 1: DOON VILLAGE RD (50 km/h); Road 2: ANVIL ST (50 km/h); Vehicle #1     Make: FORD     Model: COF     Colour: WHI     Style: PK,4/9/2021 4:28:24 PM,,
48698,19003632,1546713000000,2019,1,5,18,30,0,Saturday,543120.46953,4806548.97018,-80.467413,43.410593999999996,Non intersection,2,P.D. only,Thru lane,unknown,unknown,SMV unattended vehicle,Unknown,Dark,07 - Dark,Municipal (excl. Twp. Rd.),No control,unknown,1,0,0,False,False,False,Clear,,False,Road 1: 160 CENTURY HILL DR (50 km/h); Road 2: CENTURY HILL DR; Distance: 20.0 M N; Vehicle #1     Make: CHEV     Model: CAL     Colour: WHI     Style: PK; Vehicle #2     Make: VOLK     Model: CJS     Colour: GRY     Style: 4D; Vehicle #3     Make: FORD  ,4/9/2021 4:25:30 PM,,
48699,19003679,1546716180000,2019,1,5,19,23,0,Saturday,545855.61202,4807129.56169,-80.433583,43.415659,At intersection,2,P.D. only,Within intersection,unknown,unknown,Angle,Unknown,Dark,07 - Dark,Municipal (excl. Twp. Rd.),unknown,Functioning,0,0,0,False,False,False,Clear,,False,Road 1: HIDDEN VALLEY RD (50 km/h); Road 2: WABANAKI DR (50 km/h); Vehicle #1     Make: HOND     Model: CRV     Colour: RED     Style: 4W; Vehicle #2     Make: NISS     Model: PFI     Colour: SIL     Style: TY,4/9/2021 4:28:22 PM,,